,index,X,Y,Facies,Porosity,Perm,AI,PorWts,Por_Trend,Por_Res,PermWts,Perm_Trend,Perm_Res,indicator_sand,indicator_shale,NSand,NShale,NPor,NPerm
0,0,80.0,920.0,1.0,0.16433093119045186,69.10661505827593,5012.616593779005,1.3095149768045495,0.1449136361187633,0.019417295071688573,1.4490315097525857,24.505396039818713,44.60121901845722,1.0,0.0,2.6474962850783816,0.6854063174141921,0.9850612117770335,1.5619130397505114
1,1,80.0,680.0,1.0,0.13372321229799666,1.5580716046986365,5710.579849567813,0.9205150675816018,0.13296232325054969,0.0007608890474469776,0.9655701110338548,21.45162377707487,-19.89355217237624,1.0,0.0,2.6474962850783816,0.6854063174141921,0.07060636296639378,-1.3326090593591093
2,2,80.0,600.0,1.0,0.09629481749717918,3.568959400083476,4912.38806594852,0.8957857228522572,0.1320652710050624,-0.03577045350788323,0.9284516899812231,19.93017885737169,-16.361219457288218,1.0,0.0,2.6474962850783816,0.6854063174141921,-1.6767476939082346,-1.1202863130108567
3,3,80.0,40.0,1.0,0.14573821912084953,0.10994260997555907,6492.944055472032,5.1034063073649225,0.13536322346359106,0.01037499565725847,5.410642823199448,0.5278280514752599,-0.4178854414997009,1.0,0.0,2.6474962850783816,0.6854063174141921,0.593855490138012,0.5380860283953768
4,4,160.0,360.0,1.0,0.14861134758171718,45.08238090581933,6643.0249554055445,0.6647734400204564,0.13445593867134253,0.014155408910374643,0.8259889059617926,14.02149837598314,31.060882529836192,1.0,0.0,2.6474962850783816,0.6854063174141921,0.7704379329115472,1.372703287663422
5,5,160.0,280.0,1.0,0.11336130885693795,0.5844469928171426,6285.906684366286,0.7840204443777545,0.13058089705257353,-0.017219588195635585,1.0496258740468989,9.470294399257929,-8.885847406440787,1.0,0.0,2.6474962850783816,0.6854063174141921,-0.7221619953812106,-0.5236242820042314
6,6,240.0,840.0,1.0,0.1382869563167207,58.9924160717848,5004.663291784495,0.8663349868598542,0.13903135044286372,-0.0007443941261430219,0.8406486284367283,32.34517621272311,26.64723985906169,1.0,0.0,2.6474962850783816,0.6854063174141921,-0.01387563374541445,1.2701925168929766
7,7,240.0,760.0,1.0,0.13824011290023286,7.311809216768053,5585.8040767659995,0.7179058837371238,0.13494355767793512,0.0032965552222977428,0.7206883450533019,32.535103793392786,-25.22329457662474,1.0,0.0,2.6474962850783816,0.6854063174141921,0.18114444016627984,-2.088105099217324
8,8,240.0,520.0,1.0,0.14368885293224462,20.56316624960343,4795.544794823364,0.5831317945970218,0.13655656455454987,0.007132288377694752,0.6229423718837565,21.22168952735408,-0.6585232777506462,1.0,0.0,2.6474962850783816,0.6854063174141921,0.3328406720669357,0.48161652802759924
9,9,240.0,440.0,1.0,0.12351869937573035,6.2087779985238285,4918.436445810365,0.5812235824705987,0.13714130855071596,-0.013622609174985615,0.6282298962502282,21.441354191096767,-15.232576192572939,1.0,0.0,2.6474962850783816,0.6854063174141921,-0.6025140965873397,-0.9686917525158522
10,10,240.0,360.0,1.0,0.13665996776550482,9.013449036204763,3575.606870228928,0.6165512177982341,0.13786958781235115,-0.0012096200468463547,0.7364207794411113,17.286717931761853,-8.27326889555709,1.0,0.0,2.6474962850783816,0.6854063174141921,-0.055079594930022235,-0.43257177777607136
11,11,240.0,280.0,1.0,0.14396420157273326,0.9704142510390548,7241.511744551874,0.7357982221555324,0.1372889427638853,0.00667525880884795,0.9600577475262176,13.257243765818075,-12.286829514779024,1.0,0.0,2.6474962850783816,0.6854063174141921,0.31712137611105207,-0.7935933255417128
12,12,320.0,840.0,1.0,0.1834367054915611,43.33708928538479,5111.164954589194,0.8124022383218427,0.1381984098517822,0.045238295639778915,0.7754545780033162,34.06235425475108,9.274735030633712,1.0,0.0,2.6474962850783816,0.6854063174141921,2.360520838774131,1.063507485919829
13,13,320.0,440.0,1.0,0.14857813385902668,28.86642971759141,6344.672254012418,0.5240510150593359,0.14104657967277368,0.00753155418625301,0.5630358458168161,23.560502255362145,5.3059274622292625,1.0,0.0,2.6474962850783816,0.6854063174141921,0.33960723381377633,1.0102449364749226
14,14,320.0,280.0,1.0,0.12041812226034836,9.937707565560565,5897.982697816596,0.6394853290737714,0.14077899222258228,-0.020360869962233918,0.7389300301349133,14.992596204013426,-5.054888638452859,1.0,0.0,2.6474962850783816,0.6854063174141921,-0.879099170235551,-0.11905949451198383
15,15,400.0,840.0,1.0,0.09586122454769302,44.62223273742639,4809.157945442057,0.8106275469638179,0.14502078321042566,-0.04915955866273264,0.7388151444521177,33.00865731010001,11.613575427326381,1.0,0.0,2.6474962850783816,0.6854063174141921,-2.2488320478292,1.1384171134930166
16,16,400.0,760.0,1.0,0.1508526905672318,7.059403043391364,4528.40916631144,0.6134922878389948,0.1468361278928647,0.00401656267436709,0.6188548610686916,32.01878966703353,-24.95938662364217,1.0,0.0,2.6474962850783816,0.6854063174141921,0.21808332791320417,-1.8516244048972383
17,17,400.0,440.0,1.0,0.13065698464772393,0.4164636099017688,5003.228196466102,0.4735063527499678,0.14506220392535654,-0.014405219277632638,0.5263964122656178,28.222180702235896,-27.805717092334127,1.0,0.0,2.6474962850783816,0.6854063174141921,-0.6324319369830496,-2.444417296723431
18,18,400.0,120.0,1.0,0.115003895739114,5.542747321917172,4421.940520399603,0.7668096982859458,0.13864445244114176,-0.02364055670202773,0.7500045669120049,17.83704961404295,-12.294302292125778,1.0,0.0,2.6474962850783816,0.6854063174141921,-1.0726424299051307,-0.8071991624617254
19,19,480.0,920.0,1.0,0.15565695238371266,25.49890072638311,5094.526722875657,1.0186896893907975,0.14015062805490178,0.015506324328810885,1.0416887076705086,30.366214004686423,-4.8673132783033095,1.0,0.0,2.6474962850783816,0.6854063174141921,0.8409525097828918,-0.07478770788506561
20,20,480.0,840.0,1.0,0.1381781147021866,6.174130902743933,4860.4470458523765,0.7896773437117853,0.1460364531809093,-0.007858338478722695,0.7388151444521177,29.518456556720906,-23.34432565397697,1.0,0.0,2.6474962850783816,0.6854063174141921,-0.4095371968970061,-1.5647619671394777
21,21,480.0,600.0,1.0,0.14761342159411464,8.159916277005054,3731.7105546276894,0.4817852917230663,0.14818996562891135,-0.0005765440347967332,0.5211088878991461,22.617047588308893,-14.457131311303835,1.0,0.0,2.6474962850783816,0.6854063174141921,-0.006088971885687133,-0.9312007307183348
22,22,480.0,440.0,1.0,0.17619143924788205,13.302453886792224,4521.393131768848,0.4707027351789083,0.1480382035842424,0.02815323566363964,0.5263964122656178,29.31185588955668,-16.00940200276446,1.0,0.0,2.6474962850783816,0.6854063174141921,1.3348434505579334,-1.0538834398191996
23,23,480.0,120.0,1.0,0.13352291695355387,0.7673962099968542,3651.63888209364,0.7640060807148863,0.13579478231076514,-0.0022718653572113,0.7500045669120049,16.769018477893393,-16.00162226789654,1.0,0.0,2.6474962850783816,0.6854063174141921,-0.094287361765651,-1.0411233195875491
24,24,560.0,680.0,1.0,0.18133833447120976,54.530187289062326,3787.58899989926,0.5061814959757984,0.14524712029679965,0.036091214174410115,0.5616882339916501,20.294380380987967,34.23580690807435,1.0,0.0,2.6474962850783816,0.6854063174141921,1.695262758994767,1.4628269391463806
25,25,560.0,440.0,1.0,0.1252873858196874,6.103517859743456,4191.443767114579,0.4731837275758671,0.14795524659139755,-0.022667860771710152,0.5323059983222627,29.739360810936862,-23.63584295119341,1.0,0.0,2.6474962850783816,0.6854063174141921,-1.0226166531654153,-1.590238606375591
26,26,560.0,120.0,1.0,0.17217888490677533,45.40589341534693,4117.317002032412,0.7664870731118449,0.12970087912837458,0.042478005778400746,0.7559141529686498,16.105475914445535,29.300417500901393,1.0,0.0,2.6474962850783816,0.6854063174141921,1.900462420628028,1.323432343185631
27,27,560.0,40.0,1.0,0.12884778481213582,4.699279520595809,6072.1640822811805,1.3660755504781001,0.12053744425512712,0.008310340557008716,1.064326935454526,9.623553921042573,-4.9242744004467625,1.0,0.0,2.6474962850783816,0.6854063174141921,0.3651883551813859,-0.08699123174418966
28,28,640.0,840.0,1.0,0.15649669283236475,18.483290986370346,6166.8685787650475,0.8006397521777805,0.1422990114819977,0.01419768135036706,0.7981700088859297,18.833716126386832,-0.35042514001648684,1.0,0.0,2.6474962850783816,0.6854063174141921,0.7818765910261826,0.6556677121521831
29,29,640.0,600.0,1.0,0.16724124628616435,33.42880846127484,4323.356240326621,0.4946806180590519,0.1432036690918449,0.024037577194319454,0.5467227167502707,19.868993431290765,13.55981502998407,1.0,0.0,2.6474962850783816,0.6854063174141921,1.1871244296774135,1.1527275897190772
30,30,640.0,360.0,1.0,0.16205727071743356,30.986808772942553,4508.515056656408,0.5131908246979713,0.1377402880467012,0.024316982670732373,0.5949622957986733,25.83323342692367,5.153575346018883,1.0,0.0,2.6474962850783816,0.6854063174141921,1.2320151750406105,0.9796537277339322
31,31,720.0,920.0,1.0,0.15038522642346674,21.929989220382808,5929.799726923724,1.0640965423012372,0.12815177515582604,0.022233451267640703,1.2439513735227603,10.63984539763125,11.290143822751558,1.0,0.0,2.6474962850783816,0.6854063174141921,1.098837220912332,1.1167914048480316
32,32,720.0,680.0,1.0,0.13744101125249386,0.15054550823647125,4803.723621350459,0.5351391308353941,0.13832170950642494,-0.0008806982539311116,0.6712841935876097,14.054264407833564,-13.903718899597097,1.0,0.0,2.6474962850783816,0.6854063174141921,-0.021971363466047444,-0.8952610111854887
33,33,720.0,600.0,1.0,0.11498272147753505,3.3350933444239663,5589.604921736638,0.5134337044788051,0.13977479579913096,-0.024792074321595917,0.6004247369522909,14.209703630368347,-10.874610285944383,1.0,0.0,2.6474962850783816,0.6854063174141921,-1.0954674276794587,-0.6633287416500803
34,34,720.0,280.0,1.0,0.1263437211632746,107.72668438436243,5007.23095093701,0.600176951460298,0.13524322512419534,-0.008899503960920763,0.7163676171279075,19.64660192553341,88.08008245882904,1.0,0.0,2.6474962850783816,0.6854063174141921,-0.4395013552725724,1.8703519074413777
35,35,800.0,920.0,1.0,0.11413806779215192,0.9917639688154266,6581.4135438636695,1.382103364913322,0.12371928309832947,-0.009581215306177546,1.859392549993349,6.369762272059113,-5.377998303243686,1.0,0.0,2.6474962850783816,0.6854063174141921,-0.49344208418869684,-0.1449258818422101
36,36,800.0,840.0,1.0,0.15455585813453682,3.31648238771612,5434.550317455186,1.1530910192343102,0.128826092711605,0.025729765422931816,1.556518986774958,6.6884679535679235,-3.3719855658518045,1.0,0.0,2.6474962850783816,0.6854063174141921,1.2832512819892528,0.16250345188507453
37,37,800.0,760.0,1.0,0.12029637280116595,1.4433555775406364,4409.599929136559,0.7973039821972737,0.12936833123627406,-0.009071958435108107,0.9206215508775218,6.64717723910826,-5.203821661567623,1.0,0.0,2.6474962850783816,0.6854063174141921,-0.4484086556968583,-0.1287183468598232
38,38,800.0,440.0,1.0,0.13881545262844674,70.49538424450175,5352.280145147903,0.5985597046498448,0.13061681156986615,0.008198641058580591,0.707664946292114,16.844121648254603,53.65126259624715,1.0,0.0,2.6474962850783816,0.6854063174141921,0.3530853849766691,1.6297946752814672
39,39,880.0,520.0,1.0,0.11051162744811176,9.476079081407637,5681.068681949445,0.8565031203611173,0.12774669523726362,-0.017235067789151858,0.6999287609088697,11.286847309159784,-1.810768227752149,1.0,0.0,2.6474962850783816,0.6854063174141921,-0.7345150842676835,0.3313024405543177
40,40,960.0,280.0,1.0,0.14015213698953305,0.2561009164401899,6626.495182724131,1.2527263713165104,0.12282431200735527,0.017327824982177758,1.1030886386463117,7.149407716917142,-6.893306800476951,1.0,0.0,2.6474962850783816,0.6854063174141921,0.91130939292189,-0.3804505068003976
41,41,25.0,1014.0,1.0,0.13179036615100762,0.09072475372435876,6359.240232395075,2.28809431037372,0.1350422123388763,-0.0032518461878686955,3.2230836424540037,0.42846205185727737,-0.33773729813291864,1.0,0.0,2.6474962850783816,0.6854063174141921,-0.19188845924907638,0.6847418641519685
42,42,5.0,1004.0,1.0,0.1344991305530729,0.4119566132171809,6071.90076200949,2.28809431037372,0.13498796043225822,-0.0004888298791853318,3.2230836424540037,0.4258045583877264,-0.013847945170545441,1.0,0.0,2.6474962850783816,0.6854063174141921,0.009909077618384998,0.7822032231343599
43,43,15.0,1004.0,1.0,0.14422244786115476,0.4906036731339518,5411.395612695897,2.28809431037372,0.13501342532287305,0.009209022538281708,3.2230836424540037,0.426607039025405,0.06399663410854678,1.0,0.0,2.6474962850783816,0.6854063174141921,0.4642638338883678,0.8338077774583262
44,44,45.0,974.0,1.0,0.1911739064970069,109.44832985271134,3021.294339759151,1.7277096949891046,0.1486339522323204,0.042539954264686514,1.4490315097525857,20.953368497581423,88.49496135512993,1.0,0.0,2.6474962850783816,0.6854063174141921,2.170686513353231,2.0737660912729106
45,45,300.0,879.0,1.0,0.1343498257782331,156.82789691519326,4807.065252311426,0.8124022383218427,0.136470880094075,-0.0021210543158419197,0.7754545780033162,33.16019566000191,123.66770125519136,1.0,0.0,2.6474962850783816,0.6854063174141921,-0.07016947699951959,2.438195752555102
46,46,690.0,649.0,1.0,0.1453342028645109,0.3233505212988789,5476.317203118299,0.5351391308353941,0.14047603755918586,0.004858165305325041,0.6712841935876097,18.95796114930002,-18.63461062800114,1.0,0.0,2.6474962850783816,0.6854063174141921,0.23360788910565744,-1.2267264187188103
47,47,580.0,49.0,1.0,0.14517865661439147,8.538825198901986,3870.8904420314034,1.3660755504781001,0.12101223310130722,0.024166423513084248,1.064326935454526,9.667467579567688,-1.1286423806657009,1.0,0.0,2.6474962850783816,0.6854063174141921,1.2091541475577197,0.3647569037730738
48,48,710.0,529.0,1.0,0.15004545391161414,18.99593870466348,4677.217247169394,0.4854113934056954,0.14029256639985116,0.00975288751176298,0.6004247369522909,18.90538220400134,0.09055650066213516,1.0,0.0,2.6474962850783816,0.6854063174141921,0.5211187699441804,0.8654908093214666
49,49,240.0,359.0,1.0,0.11633814662753005,2.539209039663889,4426.106119250641,0.6165512177982341,0.1377249214168648,-0.021386774789334748,0.7364207794411113,17.19964056296699,-14.6604315233031,1.0,0.0,2.6474962850783816,0.6854063174141921,-0.9332169206753074,-0.9424649019806118
50,50,480.0,449.0,1.0,0.17619143924788205,13.302453886792224,4521.393131768848,0.455633290734464,0.1480382035842424,0.02815323566363964,0.5263964122656178,29.31185588955668,-16.00940200276446,1.0,0.0,2.6474962850783816,0.6854063174141921,1.3348434505579334,-1.0538834398191996
51,51,980.0,539.0,1.0,0.11126240176254804,4.764002796134278,6541.253087493461,2.643993650664146,0.12311970219669698,-0.01185730043414894,0.9871457584706952,7.369334444472551,-2.6053316483382734,1.0,0.0,2.6474962850783816,0.6854063174141921,-0.5407986392535495,0.30637027357191493
52,52,690.0,849.0,1.0,0.13171307585206174,4.702202320471288,6611.956276738289,0.8350841966222251,0.1371788310670626,-0.005465755215000867,0.9410778103043694,15.621413502520866,-10.919211182049578,1.0,0.0,2.6474962850783816,0.6854063174141921,-0.2758572634147627,-0.6744640485697424
53,53,490.0,169.0,1.0,0.1666334114434629,25.06660666951005,5151.93002915762,0.6798131442810535,0.13272238330155306,0.033911028141909834,0.7500045669120049,20.759873968434203,4.306732701075848,1.0,0.0,2.6474962850783816,0.6854063174141921,1.6671177203290242,0.9519523410578868
54,54,430.0,769.0,1.0,0.11860384917806925,10.23877039738918,4278.861049010554,0.6134922878389948,0.1464250137494684,-0.027821164571399142,0.6188548610686916,32.182539554722226,-21.943769157333044,1.0,0.0,2.6474962850783816,0.6854063174141921,-1.2390560765602594,-1.4986166338272247
55,55,40.0,419.0,1.0,0.11698182385323035,4.903752577245725,5092.056371031869,1.5242884578034477,0.1320806718177409,-0.015098847964510569,0.9337392143476948,15.127799079515318,-10.224046502269594,1.0,0.0,2.6474962850783816,0.6854063174141921,-0.6465885914442138,-0.5993278736192891
56,56,360.0,789.0,1.0,0.143986999202685,0.9557435008696428,5731.579229741496,0.6320108063575132,0.14125138541869514,0.0027356137839898713,0.6554942946198898,34.12525120520442,-33.169507704334784,1.0,0.0,2.6474962850783816,0.6854063174141921,0.15177371196292233,-2.7464705099035887
57,57,380.0,759.0,1.0,0.12529494387378046,1.9398765792030883,5610.3357125710645,0.6320108063575132,0.14631151183486132,-0.021016567961080868,0.6554942946198898,32.68066708054807,-30.740790501344986,1.0,0.0,2.6474962850783816,0.6854063174141921,-0.8995743496292107,-2.609701219650596
58,58,640.0,529.0,1.0,0.13882626603735754,0.9740412843628024,3736.570576326928,0.4666583069859422,0.14392793032698534,-0.005101664289627828,0.5467227167502707,25.022442563351657,-24.04840127898885,1.0,0.0,2.6474962850783816,0.6854063174141921,-0.2680556102259606,-1.6395209211401065
59,59,300.0,949.0,1.0,0.15312363690089054,27.31241619190183,4154.126620371041,1.1610122202549946,0.1392219629741163,0.013901673926774244,1.078328141221707,33.34620883016409,-6.033792638262259,1.0,0.0,2.6474962850783816,0.6854063174141921,0.7205548110434917,-0.2411414692698497
60,60,380.0,79.0,1.0,0.10607728226491443,0.7835482782703199,6656.21336658539,1.0958886873064548,0.13495550852747734,-0.028878226262562937,1.1627442724748045,16.19584137183268,-15.41229309356236,1.0,0.0,2.6474962850783816,0.6854063174141921,-1.2927289752054572,-0.9972245356030978
61,61,420.0,239.0,1.0,0.14205704073761025,9.075307979909386,4452.573093635691,0.6135431768625615,0.13862423720192613,0.00343280353568412,0.6346031070579903,21.57611691892578,-12.500808939016395,1.0,0.0,2.6474962850783816,0.6854063174141921,0.18896724049872216,-0.8438754113103614
62,62,210.0,529.0,1.0,0.16039302670518749,81.43448868809708,4445.045319979239,0.5831317945970218,0.1367261319953478,0.02366689470983968,0.6229423718837565,20.497258374757745,60.93723031333933,1.0,0.0,2.6474962850783816,0.6854063174141921,1.1458732348960052,1.6856246599480644
63,63,820.0,479.0,1.0,0.14451102589449694,111.05929643779163,4798.106142782197,0.5834902602054003,0.13276756469860998,0.011743461195886956,0.707664946292114,15.070391529421508,95.98890490837013,1.0,0.0,2.6474962850783816,0.6854063174141921,0.676167201141766,2.1950174370994144
64,64,390.0,409.0,1.0,0.15988664960115986,55.453362383022395,4348.622987349427,0.4920248712684863,0.1421935030639522,0.01769314653720766,0.5630358458168161,24.249694337518196,31.203668045504198,1.0,0.0,2.6474962850783816,0.6854063174141921,0.9567422335103711,1.393582981380288
65,65,30.0,519.0,1.0,0.1669205634672974,10.581800301313246,4933.732409345879,1.5261966699298708,0.1382318138792583,0.028688749588039106,0.9284516899812231,15.558701986431634,-4.9769016851183885,1.0,0.0,2.6474962850783816,0.6854063174141921,1.363499038782516,-0.1093662419214172
66,66,530.0,599.0,1.0,0.15850558153316846,7.8172394518512665,4754.2847882654,0.4785335434713179,0.14844134742884355,0.010064234104324887,0.5245698129390185,20.77960225539871,-12.962362803547444,1.0,0.0,2.6474962850783816,0.6854063174141921,0.527506514293945,-0.85347270257508
67,67,50.0,849.0,1.0,0.1531078699122608,0.8569402361894488,5912.054776753065,1.1659964582860314,0.14432644144885312,0.008781428463407681,1.1461579465341951,21.87424252925563,-21.01730229306618,1.0,0.0,2.6474962850783816,0.6854063174141921,0.40413706117828485,-1.4679904578913192
68,68,830.0,749.0,1.0,0.1467604282489363,2.2548731903805432,5441.995490442506,0.9306373155306071,0.12960391182276665,0.017156516426169638,0.9206215508775218,5.661007694437777,-3.4061345040572353,1.0,0.0,2.6474962850783816,0.6854063174141921,0.8923712749760266,0.14802276056463937
69,69,430.0,309.0,1.0,0.1882882380833717,58.974078937751806,5128.3714502073135,0.5300939000495893,0.14268398197125726,0.04560425611211447,0.5668998059307762,21.34032117694666,37.633757760805146,1.0,0.0,2.6474962850783816,0.6854063174141921,2.510305507770319,1.5015875816242175
70,70,900.0,699.0,1.0,0.14007938566593275,0.6132996231656133,5363.52730911994,0.9540703639636556,0.12379332624659695,0.01628605941933578,1.2078385484393468,7.221299114938716,-6.607999491773103,1.0,0.0,2.6474962850783816,0.6854063174141921,0.8762773944430943,-0.28696969361673097
71,71,770.0,699.0,1.0,0.1186304119857425,0.3610808451803256,6798.566310499544,0.6152637523122167,0.13377735305500754,-0.015146941069265063,0.8211175269209431,10.83093437145006,-10.469853526269736,1.0,0.0,2.6474962850783816,0.6854063174141921,-0.6618949369097342,-0.62344315741236
72,72,580.0,629.0,1.0,0.17779619231277816,23.120181352195978,3715.0386047775487,0.482543151749219,0.14476976338649938,0.033026428926278766,0.5616882339916501,21.67516506846114,1.4450162837348373,1.0,0.0,2.6474962850783816,0.6854063174141921,1.640758866731234,0.8921435744387299
73,73,590.0,479.0,1.0,0.13936457781741898,4.259572748950127,5767.867353237349,0.4647643137767252,0.14772679853306653,-0.008362220715647545,0.5323059983222627,28.607484151578003,-24.34791140262788,1.0,0.0,2.6474962850783816,0.6854063174141921,-0.43273697659928523,-1.6639004023041764
74,74,610.0,319.0,1.0,0.15255067777135967,176.38416143863205,4695.198152873304,0.5364213055207913,0.14283390491744244,0.009716772853917229,0.5949622957986733,27.495289993625256,148.8888714450068,1.0,0.0,2.6474962850783816,0.6854063174141921,0.5143705541302748,2.6337206790911005
75,75,410.0,39.0,1.0,0.11432144936133172,0.8237651779209185,6525.845343757539,1.82565743491146,0.1336303633119847,-0.01930891395065297,1.058417349397881,12.599439161656456,-11.775673983735535,1.0,0.0,2.6474962850783816,0.6854063174141921,-0.8304786222573065,-0.7248472843801363
76,76,780.0,169.0,1.0,0.1245303911650474,6.31978169073161,6180.284076043408,0.8608571284926758,0.12473207581857736,-0.00020168465352997375,0.8317690769819223,11.127548986834539,-4.807767296102925,1.0,0.0,2.6474962850783816,0.6854063174141921,0.03780813190943744,-0.06394117444331737
77,77,190.0,289.0,1.0,0.1253544614787044,5.416688412075815,7135.750153615093,0.7840204443777545,0.131799775031486,-0.006445313552781579,1.0496258740468989,11.723914265645613,-6.307225853569796,1.0,0.0,2.6474962850783816,0.6854063174141921,-0.3734773691177109,-0.2648120682238899
78,78,290.0,299.0,1.0,0.1536166010873784,20.524845055539163,4776.4348120250515,0.7124019957404379,0.13947647684895825,0.014140124238420175,0.9600577475262176,14.48196445553024,6.0428806000089255,1.0,0.0,2.6474962850783816,0.6854063174141921,0.7597791808127712,1.0460247076252114
79,79,630.0,539.0,1.0,0.152884185220909,2.195385024477257,5939.291431075147,0.4578626440179127,0.14437631225681213,0.008507872964096858,0.5467227167502707,24.983587373010284,-22.78820234853302,1.0,0.0,2.6474962850783816,0.6854063174141921,0.3824533199527502,-1.5399896743966455
80,80,680.0,179.0,1.0,0.11722885856591747,2.450792630351232,5549.963119522749,0.6952588378943856,0.1302018904160653,-0.012973031850147835,0.7780670567799021,18.124094296752094,-15.673301666400864,1.0,0.0,2.6474962850783816,0.6854063174141921,-0.5936975983984929,-1.0158271540481236
81,81,330.0,149.0,1.0,0.1134866344401106,1.966594540072645,6407.62371637363,0.8399942307584037,0.13570610352745988,-0.022219469087349272,0.8543314899889279,13.644653050405356,-11.678058510332713,1.0,0.0,2.6474962850783816,0.6854063174141921,-1.0099053398171742,-0.710554682213484
82,82,740.0,339.0,1.0,0.1537338344735106,9.1177277618515,4473.169612525984,0.5962551702125571,0.1331446017314751,0.0205892327420355,0.6486643160006935,21.354557072603114,-12.236829310751615,1.0,0.0,2.6474962850783816,0.6854063174141921,1.0284410848589776,-0.7646526652697988
83,83,120.0,469.0,1.0,0.1057632010493364,9.306742863629438,4711.29934875428,0.7459869982169313,0.1333324868825101,-0.027569285833173696,0.7177980227709095,15.628584074842706,-6.321841211213268,1.0,0.0,2.6474962850783816,0.6854063174141921,-1.222312130612961,-0.27539937008770465
84,84,140.0,929.0,1.0,0.14236399190504515,7.8172394518512665,4873.8238026604795,1.185868253157826,0.14536058769659124,-0.002996595791546097,1.2330903181758004,25.889542040822395,-18.07230258897113,1.0,0.0,2.6474962850783816,0.6854063174141921,-0.1714898330799446,-1.1883899148255503
85,85,410.0,979.0,1.0,0.16540394985510248,4.267525642796668,5137.698693222199,1.2447313560574642,0.14389044467755674,0.02151350517754572,1.0416887076705086,28.73162348542336,-24.464097842626693,1.0,0.0,2.6474962850783816,0.6854063174141921,1.0587207024619443,-1.8008149584562232
86,86,150.0,429.0,1.0,0.15315771399855227,7.481971985735698,6130.419302314941,0.6294458046928211,0.1343571453969049,0.01880056860164736,0.7177980227709095,15.767990608086851,-8.28601862235115,1.0,0.0,2.6474962850783816,0.6854063174141921,0.9670294574854639,-0.4418131428502179
87,87,650.0,739.0,1.0,0.13283134517815953,9.714713620656203,3501.859990958098,0.5485341925637892,0.14522177696831254,-0.012390431790153006,0.6782097255025032,16.54766699630851,-6.832953375652307,1.0,0.0,2.6474962850783816,0.6854063174141921,-0.5724793723941171,-0.3469855908261199
88,88,770.0,159.0,1.0,0.153328945612261,15.704735063673766,5513.931966146923,0.8608571284926758,0.12388627945210387,0.02944266616015712,0.8317690769819223,11.218926500927196,4.48580856274657,1.0,0.0,2.6474962850783816,0.6854063174141921,1.4864700234545078,0.9664243723893242
89,89,600.0,119.0,1.0,0.14087596323669574,33.815554259939525,5496.906878389109,0.7731371037571475,0.12918344306105953,0.011692520175636212,0.7780670567799021,15.94961124272165,17.865943017217873,1.0,0.0,2.6474962850783816,0.6854063174141921,0.6561118676613962,1.1829380982159066
90,90,930.0,689.0,1.0,0.12955719058556994,1.5751176317107702,5755.317797832129,1.2000850244574823,0.12288860627524645,0.0066685843103234796,1.0580052151060138,8.393809774642532,-6.818692142931763,1.0,0.0,2.6474962850783816,0.6854063174141921,0.3053854168190864,-0.321239616521946
91,91,620.0,969.0,1.0,0.11266364132964266,10.222867249656057,6036.231891928472,1.881747686092085,0.13550302965011693,-0.022839388320474274,1.1010435721043206,15.60656598103482,-5.383698731378763,1.0,0.0,2.6474962850783816,0.6854063174141921,-1.045835660395107,-0.16222734477517786
92,92,610.0,519.0,1.0,0.12178034444633384,0.9701126086013704,4970.506017519748,0.4578626440179127,0.14609612624534732,-0.024315781799013475,0.5467227167502707,26.478513043274226,-25.50840043467285,1.0,0.0,2.6474962850783816,0.6854063174141921,-1.0853019823821906,-2.1577438644275584
93,93,690.0,409.0,1.0,0.15152458404102007,35.00284543643484,5578.6588640359005,0.5073825076089524,0.13672098376512914,0.01480360027589092,0.6081609223355352,25.485159705337054,9.517685731097783,1.0,0.0,2.6474962850783816,0.6854063174141921,0.7921737857456906,1.0776818440035625
94,94,880.0,119.0,1.0,0.12232663581975305,0.5937873946166049,4511.676766653522,1.3389379705126057,0.11866475136110592,0.003661884458647125,0.9312731009385012,4.924863944400318,-4.331076549783714,1.0,0.0,2.6474962850783816,0.6854063174141921,0.20045994408325174,-0.004840596083256488
95,95,190.0,539.0,1.0,0.14352902814311722,2.555840829106465,4757.405511215081,0.6313540168192441,0.13662853158304095,0.0069004965600762405,0.7125104984044377,20.515450260112004,-17.95960943100554,1.0,0.0,2.6474962850783816,0.6854063174141921,0.3254358000324036,-1.1519594598676126
96,96,760.0,709.0,1.0,0.13267615864557195,0.051426329492133584,6663.091359998729,0.6152637523122167,0.13490932964670432,-0.002233171001132378,0.8211175269209431,9.126239009149561,-9.074812679657423,1.0,0.0,2.6474962850783816,0.6854063174141921,-0.08628863726548408,-0.5530126606425751
97,97,850.0,719.0,1.0,0.15787317609011245,0.2399897359719849,4309.957796906489,0.8074891673824591,0.1286067976279375,0.02926637846217495,0.9206215508775218,6.501316065295326,-6.26132632932334,1.0,0.0,2.6474962850783816,0.6854063174141921,1.4579908241553103,-0.25304463437545555
98,98,800.0,389.0,1.0,0.1311323495826949,14.41338671481929,4544.174385277434,0.6231211081586167,0.12966618990686313,0.001466159675831774,0.7481683399572722,17.60078009477855,-3.1873933799592638,1.0,0.0,2.6474962850783816,0.6854063174141921,0.1014528693974368,0.238088171850118
99,99,490.0,779.0,1.0,0.146872052806496,3.677081018332148,4377.428843362598,0.5892903363352139,0.1484598702737714,-0.0015878174672753766,0.6188548610686916,27.525182056614018,-23.848101038281868,1.0,0.0,2.6474962850783816,0.6854063174141921,-0.06205607076908359,-1.614236477844417
100,100,170.0,869.0,1.0,0.13747101358185876,1.7387945269090976,5112.226062984583,0.927794681848961,0.14164451208618214,-0.004173498504323414,0.9302167549574096,26.191129439886588,-24.45233491297749,1.0,0.0,2.6474962850783816,0.6854063174141921,-0.23324759117270033,-1.7459526948434698
101,101,410.0,949.0,1.0,0.1391561238752586,63.95882746893164,4568.348701684369,1.2447313560574642,0.14192526857420945,-0.002769144698950843,1.0416887076705086,32.12853303679142,31.830294432140217,1.0,0.0,2.6474962850783816,0.6854063174141921,-0.13201734022387157,1.4184873605408237
102,102,110.0,539.0,1.0,0.15231776274552414,9.82405079625863,4662.733794629663,0.7448180691068257,0.1349267269837432,0.017391035761780943,0.7125104984044377,16.495621806664726,-6.6715710104060975,1.0,0.0,2.6474962850783816,0.6854063174141921,0.9289266420492596,-0.2985466329228359
103,103,930.0,749.0,1.0,0.10894718680071536,0.3796139113858014,6305.519786824126,1.3710726787784695,0.12425172178937476,-0.015304534988659413,1.2078385484393468,3.5299141249852557,-3.150300213599454,1.0,0.0,2.6474962850783816,0.6854063174141921,-0.6762452719380802,0.2497265164927891
104,104,440.0,399.0,1.0,0.1534024741151135,76.95473674219043,4382.071645073195,0.4952641386876803,0.14150817061696794,0.01189430349814555,0.5668998059307762,24.649517332415428,52.305219409775006,1.0,0.0,2.6474962850783816,0.6854063174141921,0.6840188289350246,1.602620477643195
105,105,210.0,329.0,1.0,0.14409896130229355,0.7605086695697822,5383.424006234519,0.6604509999333101,0.1344682613317312,0.009630699970562344,0.7364207794411113,14.744873954659958,-13.984365285090174,1.0,0.0,2.6474962850783816,0.6854063174141921,0.506496020691146,-0.9074659316072684
106,106,40.0,569.0,1.0,0.1456576779787865,48.54458463426609,4675.212401049966,1.1913201267199942,0.1355274678510535,0.010130210127733021,0.9284516899812231,18.755472339741267,29.789112294524823,1.0,0.0,2.6474962850783816,0.6854063174141921,0.5386234315384064,1.3471572690746374
107,107,400.0,149.0,1.0,0.17125016177257002,6.926789127993077,4640.669157035117,0.7668096982859458,0.1388602255595359,0.032389936213034126,0.7500045669120049,19.376683222080626,-12.449894094087545,1.0,0.0,2.6474962850783816,0.6854063174141921,1.6136430821921726,-0.8192579400021291
108,108,50.0,899.0,1.0,0.1650212151894952,4.006524236333455,4713.131766829099,1.3095149768045495,0.14508419721320864,0.019937017976286556,1.4490315097525857,22.75012313317655,-18.743598896843096,1.0,0.0,2.6474962850783816,0.6854063174141921,1.0099385288149125,-1.2531410089182091
109,109,440.0,859.0,1.0,0.14911680676609682,27.33790131288579,4917.787155788573,0.7896773437117853,0.142495996540836,0.006620810225260815,0.7388151444521177,33.1067153107305,-5.768813997844711,1.0,0.0,2.6474962850783816,0.6854063174141921,0.2933664849870361,-0.215363890208218
110,110,300.0,589.0,1.0,0.12965030629786228,22.76357179248394,5426.560362489153,0.5361070012224219,0.1379375121715681,-0.008287205873705822,0.5577483214503444,23.39151401670497,-0.6279422242210337,1.0,0.0,2.6474962850783816,0.6854063174141921,-0.4263975673561886,0.49865597771629844
111,111,490.0,869.0,1.0,0.16459203679319978,103.7173163222834,5739.790355685216,0.7864255954600371,0.14281847281510554,0.021773563978094213,0.7388151444521177,29.920285598212843,73.79703072407055,1.0,0.0,2.6474962850783816,0.6854063174141921,1.0794956633317965,1.7583954209602344
112,112,540.0,139.0,1.0,0.16269439250655332,2.598302326751577,5570.473109480353,0.7664870731118449,0.13079595075166245,0.03189844175489087,0.7559141529686498,17.711086345930106,-15.112784019178527,1.0,0.0,2.6474962850783816,0.6854063174141921,1.581907229936669,-0.9559894732687056
113,113,280.0,409.0,1.0,0.11781628867055402,4.474027602242674,5499.764566758994,0.5578273560555045,0.13868466566191956,-0.02086837699136554,0.6282298962502282,19.729781330932592,-15.255753728689914,1.0,0.0,2.6474962850783816,0.6854063174141921,-0.8893222112867812,-0.9803591402605811
114,114,620.0,449.0,1.0,0.13261116269119366,67.45098996347585,3490.2744444154664,0.4647643137767252,0.14224703067097652,-0.009635867979782858,0.554458902133515,30.51305025978489,36.937939703690965,1.0,0.0,2.6474962850783816,0.6854063174141921,-0.5055261418175239,1.4818838449531802
115,115,660.0,979.0,1.0,0.13702652677545005,10.024591330096193,5119.740477298446,1.888610431190124,0.1356291541260462,0.0013973726494038439,1.1010435721043206,13.521138827680007,-3.4965474975838102,1.0,0.0,2.6474962850783816,0.6854063174141921,0.08688141969672514,0.13622775311013036
116,116,670.0,519.0,1.0,0.15916386252222808,2.4830031011018563,5341.440608319505,0.4666583069859422,0.1440630050213693,0.015100857500858794,0.5467227167502707,24.487125490349456,-22.004122389247602,1.0,0.0,2.6474962850783816,0.6854063174141921,0.8101425950606912,-1.5196387647335283
117,117,690.0,489.0,1.0,0.12680042127359273,4.69343936998667,4695.769796383142,0.492313063164508,0.14088584632897913,-0.014085425055386402,0.6081609223355352,24.5885321580548,-19.89509278806813,1.0,0.0,2.6474962850783816,0.6854063174141921,-0.6256333622655612,-1.3550302686711162
118,118,90.0,559.0,1.0,0.13521569436590533,28.43002621443157,6698.48560874571,0.9782168719500729,0.135105493810411,0.00011020055549432195,0.9284516899812231,18.879790140764285,9.550236073667287,1.0,0.0,2.6474962850783816,0.6854063174141921,0.048439891294496995,1.0936817087061566
119,119,530.0,579.0,1.0,0.17879614325025342,12.403750796334094,4636.958847176693,0.461360387409273,0.14846330477651815,0.030332838473735274,0.5245698129390185,20.534119355592367,-8.130368559258272,1.0,0.0,2.6474962850783816,0.6854063174141921,1.5099284916961766,-0.4124830919852349
120,120,430.0,139.0,1.0,0.16969244702825584,42.58913411450365,3930.823358499865,0.7668096982859458,0.13791968426480294,0.03177276276345286,0.7500045669120049,18.562281772187355,24.0268523423163,1.0,0.0,2.6474962850783816,0.6854063174141921,1.5516890913418002,1.2158127877482627
121,121,680.0,889.0,1.0,0.11521568345108354,11.118013500977552,5958.110053591574,1.029652097856793,0.13516391996139776,-0.019948236510314216,0.7981700088859297,15.321450407755814,-4.20343690677826,1.0,0.0,2.6474962850783816,0.6854063174141921,-0.8649989137486119,0.005148111283718171
122,122,240.0,419.0,1.0,0.12112030738279972,48.4842546019112,5000.872767433564,0.5812235824705987,0.13713589234144405,-0.01601558495864433,0.6282298962502282,19.392720278614203,29.091534323297,1.0,0.0,2.6474962850783816,0.6854063174141921,-0.7119651887794886,1.3044793778921555
123,123,710.0,179.0,1.0,0.1169023349539326,4.832621372593543,4659.123795091361,0.7526662453017929,0.12903083987375902,-0.012128504919826422,0.8317690769819223,13.945799279695473,-9.113177907101928,1.0,0.0,2.6474962850783816,0.6854063174141921,-0.5636482079105123,-0.5641710140724938
124,124,480.0,809.0,1.0,0.10918296190385862,4.010262710226451,4875.903938333728,0.67787178815623,0.14791792671282433,-0.03873496480896571,0.7388151444521177,29.11394344660397,-25.10368073637752,1.0,0.0,2.6474962850783816,0.6854063174141921,-1.8882163974493298,-2.0187407000288173
125,125,510.0,99.0,1.0,0.1216243826091503,21.578316369093557,3856.327200290506,1.0662813117949728,0.1240180901846088,-0.002393707575458495,1.064326935454526,15.834706648905295,5.743609720188262,1.0,0.0,2.6474962850783816,0.6854063174141921,-0.10491105721657212,1.0260275736172524
126,126,820.0,409.0,1.0,0.09701823339447267,3.1291731519220485,4749.878211547454,0.5985597046498448,0.1293553019191409,-0.032337068524668236,0.707664946292114,16.293800591936947,-13.1646274400149,1.0,0.0,2.6474962850783816,0.6854063174141921,-1.4197636081391507,-0.8834333447748112
127,127,510.0,819.0,1.0,0.1379668930766066,2.401764869893781,4922.390398911213,0.6746200399044816,0.1460992718724828,-0.008132378795876222,0.7422760694919902,27.372500857863496,-24.970735987969714,1.0,0.0,2.6474962850783816,0.6854063174141921,-0.41875176349187027,-1.8971565197338958
128,128,710.0,439.0,1.0,0.17782272560263046,66.99123179326179,5386.283973646566,0.5073825076089524,0.13627124185150574,0.04155148375112472,0.6081609223355352,22.702706597697848,44.288525195563935,1.0,0.0,2.6474962850783816,0.6854063174141921,1.8574804603089512,1.522880417387772
129,129,710.0,519.0,1.0,0.13034103234838812,9.4027147686572,4310.05283491255,0.4854113934056954,0.1404795198759807,-0.01013848752759258,0.6004247369522909,19.41237850604503,-10.00966373738783,1.0,0.0,2.6474962850783816,0.6854063174141921,-0.511771908969975,-0.5887572261197411
130,130,670.0,209.0,1.0,0.1609799557560001,47.3521238948595,5227.518449164914,0.628666245301793,0.13324013221474812,0.027739823541251984,0.6626655969258874,21.986813792372885,25.365310102486614,1.0,0.0,2.6474962850783816,0.6854063174141921,1.3070574779311581,1.2509745075941863
131,131,390.0,419.0,1.0,0.14352860302302164,8.182779566273537,3017.6111673842515,0.4920248712684863,0.14189963877986164,0.0016289642431600027,0.5630358458168161,24.265856472725925,-16.08307690645239,1.0,0.0,2.6474962850783816,0.6854063174141921,0.12745706357024278,-1.0756936680523301
132,132,270.0,299.0,1.0,0.14906762254206096,11.47622060357664,7168.801644414378,0.7124019957404379,0.13732899949442162,0.01173862304763934,0.9600577475262176,14.195670063550534,-2.7194494599738945,1.0,0.0,2.6474962850783816,0.6854063174141921,0.6667898963500224,0.2946044949023381
133,133,340.0,509.0,1.0,0.15122745905118826,4.029007470192171,5238.326254713979,0.5259592271857589,0.14569748413697384,0.005529974914214419,0.5577483214503444,24.418202943914363,-20.38919547372219,1.0,0.0,2.6474962850783816,0.6854063174141921,0.2595175881194103,-1.3720911649117549
134,134,450.0,199.0,1.0,0.13707742350221094,84.71405667628761,5109.980190300767,0.6773321518840947,0.13922494434934335,-0.002147520847132406,0.7500045669120049,19.605872231329887,65.10818444495773,1.0,0.0,2.6474962850783816,0.6854063174141921,-0.07879757412265209,1.7194021447811179
135,135,760.0,369.0,1.0,0.10928292649595596,1.2813329245904046,6304.593960034002,0.5642290264217075,0.13082819530621978,-0.021545268810263817,0.6486643160006935,19.590372292225528,-18.309039367635126,1.0,0.0,2.6474962850783816,0.6854063174141921,-0.9438102996292286,-1.2107058826408146
136,136,210.0,299.0,1.0,0.13729136845924478,2.344224471090393,5117.444147530179,0.7357982221555324,0.1324623898781024,0.004828978581142368,0.9600577475262176,13.33774640137763,-10.993521930287237,1.0,0.0,2.6474962850783816,0.6854063174141921,0.22607092511164106,-0.6883135633753169
137,137,480.0,649.0,1.0,0.20438817014234475,84.63508397246791,3915.9921799659746,0.5054236359496458,0.14792684550479648,0.05646132463754828,0.5582273089517776,25.54872469993575,59.08635927253216,1.0,0.0,2.6474962850783816,0.6854063174141921,3.0446979105204672,1.6580305779046638
138,138,810.0,749.0,1.0,0.11058381304257073,1.972104746098926,6249.9542618330115,0.7973039821972737,0.12977932730704309,-0.01919551426447236,0.9206215508775218,6.559746613765721,-4.587641867666795,1.0,0.0,2.6474962850783816,0.6854063174141921,-0.747082704021731,-0.05380239913436813
139,139,140.0,479.0,1.0,0.1469923663337977,15.694973297896755,4620.426168878849,0.7459869982169313,0.1339208108350921,0.013071555498705591,0.7177980227709095,16.342776321380107,-0.6478030234833518,1.0,0.0,2.6474962850783816,0.6854063174141921,0.6931056929230631,0.490330771185421
140,140,0.0,899.0,1.0,0.14746018455507695,15.390564056623216,4439.094727907945,1.5226182315744707,0.14572012450835484,0.0017400600467221141,1.4490315097525857,19.21606401058461,-3.8254999539613936,1.0,0.0,2.6474962850783816,0.6854063174141921,0.1391968673910533,0.08182650863587893
141,141,140.0,269.0,1.0,0.13890098795761144,0.7344839544088021,5957.3955251762645,0.8974844966653361,0.12995061789973034,0.008950370057881102,1.0496258740468989,7.89800581553924,-7.163521861130437,1.0,0.0,2.6474962850783816,0.6854063174141921,0.4438668980407763,-0.39385149188274005
142,142,540.0,679.0,1.0,0.17686104399906327,49.550938393127396,4729.849161169534,0.5061814959757984,0.14620538640627473,0.030655657592788543,0.5616882339916501,22.70344349572816,26.84749489739924,1.0,0.0,2.6474962850783816,0.6854063174141921,1.5276359404454187,1.2885525737474681
143,143,160.0,449.0,1.0,0.13703256469639236,8.89652311033134,4296.601863141732,0.6325229459293495,0.13410134144846927,0.0029312232479230807,0.7177980227709095,15.789488439477909,-6.892965329146568,1.0,0.0,2.6474962850783816,0.6854063174141921,0.15916602396657176,-0.3691683944942672
144,144,910.0,739.0,1.0,0.1168897646425392,1.1269383008848917,4804.859386232401,0.9540703639636556,0.12445698931296535,-0.0075672246704261426,1.2078385484393468,3.665915841768857,-2.5389775408839657,1.0,0.0,2.6474962850783816,0.6854063174141921,-0.39860920375941933,0.31968437833054186
145,145,930.0,739.0,1.0,0.1527336295589804,2.803068603866919,5078.889441934624,1.247924530630322,0.1238283938602107,0.028905235698769693,1.2078385484393468,3.560741204129628,-0.7576726002627092,1.0,0.0,2.6474962850783816,0.6854063174141921,1.4052689497504578,0.3788192808775761
146,146,40.0,979.0,1.0,0.1911739064970069,109.44832985271134,3021.294339759151,1.7277096949891046,0.1486339522323204,0.042539954264686514,1.4490315097525857,20.953368497581423,88.49496135512993,1.0,0.0,2.6474962850783816,0.6854063174141921,2.170686513353231,2.0737660912729106
147,147,920.0,299.0,1.0,0.13205154038203626,1.8110708319244768,5861.907265443545,0.9255041490942888,0.12353054242684895,0.008520997955187294,1.1030886386463117,8.646559112642835,-6.835488280718359,1.0,0.0,2.6474962850783816,0.6854063174141921,0.3910636549269244,-0.35793307870186863
148,148,240.0,629.0,1.0,0.1628376680047598,39.86027398213674,5639.936717304406,0.6104527246957296,0.13389592940831424,0.028941738596445558,0.6600607929363881,26.059822904864287,13.800451077272447,1.0,0.0,2.6474962850783816,0.6854063174141921,1.4346832937606628,1.1663796097208419
149,149,190.0,589.0,1.0,0.14917167360286265,120.44651663289608,3760.6478191730494,0.6415017908559069,0.13421916510445994,0.014952508498402685,0.7125104984044377,22.427369037229532,98.01914759566657,1.0,0.0,2.6474962850783816,0.6854063174141921,0.801287969313463,2.2970177011500352
150,150,220.0,989.0,1.0,0.15767480184892185,105.47321058931652,5421.610782873841,1.775329584177621,0.14820688134243978,0.009467920506482071,1.1435221916551193,31.447883387835585,74.02532720148095,1.0,0.0,2.6474962850783816,0.6854063174141921,0.49056622848398224,1.811872585265124
151,151,840.0,809.0,1.0,0.1267124751748641,1.3669273520917282,5979.5213495338185,1.1746187970120878,0.1292899493104009,-0.0025774741355368003,1.556518986774958,4.439310126391233,-3.0723827742995065,1.0,0.0,2.6474962850783816,0.6854063174141921,-0.11793437488995506,0.27945827166339376
152,152,90.0,419.0,1.0,0.1333377156398447,4.644090222832679,7305.189367533614,0.9661608857869872,0.1328685330063168,0.0004691826335279092,0.9337392143476948,15.385394742998805,-10.741304520166128,1.0,0.0,2.6474962850783816,0.6854063174141921,0.059686399679989455,-0.6523275174970729
153,153,400.0,739.0,1.0,0.1140671574511294,14.355252091640873,4424.899895605104,0.5585219873498264,0.1471722878027685,-0.0331051303516391,0.6188548610686916,30.622703918543703,-16.267451826902832,1.0,0.0,2.6474962850783816,0.6854063174141921,-1.4977464985941653,-1.087948645937201
154,154,710.0,299.0,1.0,0.15745391397368366,45.46239297466454,4632.78811561104,0.600176951460298,0.13629590696509122,0.021158007008592442,0.7163676171279075,20.119170591668,25.343222382996537,1.0,0.0,2.6474962850783816,0.6854063174141921,1.0402389955930635,1.233742771702679
155,155,440.0,609.0,1.0,0.153278254232294,58.572100929168755,3162.896547056809,0.4817852917230663,0.14489395080352455,0.008384303428769418,0.5582273089517776,24.68885595056348,33.88324497860528,1.0,0.0,2.6474962850783816,0.6854063174141921,0.37662094243074073,1.444225190973236
156,156,440.0,699.0,1.0,0.1539275988584406,193.74682353970672,3350.2602360369883,0.5375717840977939,0.1461165362474173,0.007811062611023295,0.6188548610686916,28.02247328365868,165.72435025604804,1.0,0.0,2.6474962850783816,0.6854063174141921,0.3461099865714792,2.9832696833558066
157,157,990.0,259.0,1.0,0.11784616274647775,0.4807892159383181,6319.6017870609485,2.222794398527394,0.12280916769877315,-0.004963004952295415,4.685474104681061,4.477802769122925,-3.997013553184607,1.0,0.0,2.6474962850783816,0.6854063174141921,-0.2519880421573253,0.03682795661190452
158,158,650.0,659.0,1.0,0.18191684582325546,2.496160714217087,4295.937217180586,0.5163860444156411,0.14300895397490765,0.038907891848347816,0.6175821733855895,19.437128004891964,-16.940967290674873,1.0,0.0,2.6474962850783816,0.6854063174141921,1.7206558446316005,-1.1371700795149113
159,159,580.0,739.0,1.0,0.19510405834347327,41.932232157995074,3108.754017683039,0.5383296441239466,0.14565355705218525,0.04945050129128803,0.622315786108564,18.521886731797625,23.41034542619745,1.0,0.0,2.6474962850783816,0.6854063174141921,2.690286763213932,1.1993797866911462
160,160,920.0,289.0,1.0,0.14120162762038152,5.413321501182296,6191.223803071473,0.9255041490942888,0.12352327118522505,0.01767835643515646,1.1030886386463117,8.500360777682618,-3.0870392765003194,1.0,0.0,2.6474962850783816,0.6854063174141921,0.9438823596357225,0.2635205129520648
161,161,680.0,669.0,1.0,0.14628827245806209,0.34452199007865764,5557.862623785533,0.5163860444156411,0.1423548335934088,0.003933438864653277,0.6175821733855895,18.307412972059023,-17.962890981980365,1.0,0.0,2.6474962850783816,0.6854063174141921,0.21140532670081202,-1.1670051914334711
162,162,350.0,529.0,1.0,0.13753344748063667,3.3632057842761136,3704.5001936994427,0.4939330833949094,0.14337979618508165,-0.005846348704444976,0.5577483214503444,23.96744683728332,-20.6042410530072,1.0,0.0,2.6474962850783816,0.6854063174141921,-0.283839744046692,-1.3887968883465962
163,163,190.0,429.0,1.0,0.14662236551701674,3.408467474683356,5058.646827125721,0.6294458046928211,0.13529963720041538,0.011322728316601359,0.7177980227709095,17.761536169399776,-14.353068694716413,1.0,0.0,2.6474962850783816,0.6854063174141921,0.6460983494444027,-0.9202177347788569
164,164,80.0,280.0,0.0,0.10291948565966286,0.1960184163624576,6753.323723214254,1.1207355254719205,0.12932013775358608,-0.026400652093923227,1.2655670656236842,9.256648820189962,-9.060630403827505,0.0,1.0,-0.7000902096976326,2.6474962850783816,-1.1998643636661244,-0.5390232701420461
165,165,160.0,840.0,0.0,0.12885192106851354,0.6730427562153727,6068.296567211053,0.927794681848961,0.14162541936986667,-0.012773498301353131,0.9302167549574096,25.07794183315061,-24.404899076935237,0.0,1.0,-0.7000902096976326,2.6474962850783816,-0.5825535265896222,-1.6986104911034938
166,166,160.0,760.0,0.0,0.10336450247359318,5.368072508148979,5574.433665959774,0.7793655787262306,0.13679833815387535,-0.033433835680282166,0.8102564715739833,26.376595637777662,-21.00852312962868,0.0,1.0,-0.7000902096976326,2.6474962850783816,-1.5219015721068265,-1.4098284227381899
167,167,160.0,120.0,0.0,0.1422517072638635,5.189213824728854,7330.542383769207,2.1118425213566927,0.13331957441967404,0.00893213284418945,2.728792540713567,1.1935548277801349,3.995658996948719,0.0,1.0,-0.7000902096976326,2.6474962850783816,0.4247667969745257,0.9208045560826483
168,168,320.0,120.0,0.0,0.13513240652309272,1.8503401815089724,5501.993421296067,0.8399942307584037,0.135467566821357,-0.0003351602982642754,0.8543314899889279,12.175836025253231,-10.325495843744255,0.0,1.0,-0.7000902096976326,2.6474962850783816,0.027979273170513297,-0.6117331770958097
169,169,320.0,40.0,0.0,0.08540858771729783,0.02355911123835831,6476.494604417591,1.8988419673839176,0.1309829223753061,-0.04557433465800827,1.1627442724748045,10.530633264013302,-10.507074152774942,0.0,1.0,-0.7000902096976326,2.6474962850783816,-2.0415334857997234,-0.6374202747876974
170,170,800.0,360.0,0.0,0.1179624592024686,1.2214323911243117,7386.884231033908,0.6231211081586167,0.12900431728868744,-0.011041858086218841,0.7481683399572722,17.506672661208867,-16.285240270084554,0.0,1.0,-0.7000902096976326,2.6474962850783816,-0.5190839386275465,-1.1023302274738511
171,171,800.0,120.0,0.0,0.1373637407987015,0.5633952385265732,7215.7773523619935,1.1288588511455608,0.12115085455767627,0.016212886241025237,0.9312731009385012,9.305921046511518,-8.742525807984945,0.0,1.0,-0.7000902096976326,2.6474962850783816,0.8587508253134535,-0.4939624947918546
172,172,800.0,40.0,0.0,0.11773159707192275,0.10376549431759254,6174.244315635895,1.6452540879899702,0.1128586490103755,0.0048729480615472545,1.2396858834243776,5.647612767484912,-5.543847273167319,0.0,1.0,-0.7000902096976326,2.6474962850783816,0.24656937753368968,-0.20368311416477414
173,173,880.0,920.0,0.0,0.101581120919399,0.514663475342159,5635.872084566247,3.9773965747898634,0.12083968224990348,-0.01925856133050449,1.859392549993349,3.8390605580084984,-3.32439708266634,0.0,1.0,-0.7000902096976326,2.6474962850783816,-0.7840506126802197,0.2226227614304177
174,174,880.0,840.0,0.0,0.10427601711137012,0.7845232647554745,5880.675567228474,1.7517555491488392,0.12587037962216507,-0.021594362510794957,1.556518986774958,4.14225138415536,-3.3577281193998854,0.0,1.0,-0.7000902096976326,2.6474962850783816,-0.9649020863524579,0.20244269932864523
175,175,880.0,280.0,0.0,0.13586476736407066,1.1196049019025909,4891.896632978093,0.9255041490942888,0.1257088496325638,0.010155917731506871,0.8158716410844864,9.716069808857439,-8.59646490695485,0.0,1.0,-0.7000902096976326,2.6474962850783816,0.55281256099507,-0.48259402138070007
176,176,880.0,200.0,0.0,0.12019130620899356,2.6979052177768903,6020.781995652047,1.1538992108226835,0.12357120499729247,-0.0033798987882989184,0.9312731009385012,7.673189747605883,-4.975284529828992,0.0,1.0,-0.7000902096976326,2.6474962850783816,-0.21217840445655956,-0.0985668791545975
177,177,960.0,680.0,0.0,0.1257721278313769,5.236209896480093,5539.2292367515065,1.2000850244574823,0.12259150393997395,0.003180623891402945,1.0580052151060138,8.757309330364139,-3.5210994338840456,0.0,1.0,-0.7000902096976326,2.6474962850783816,0.16989479783025363,0.12365206074813417
178,178,960.0,600.0,0.0,0.15024867226089514,10.68095434297347,6446.671246980998,1.178379598100893,0.12471792256456653,0.025530749696328608,0.9871457584706952,10.024491026482083,0.6564633164913865,0.0,1.0,-0.7000902096976326,2.6474962850783816,1.253158142658914,0.8789037498736393
179,179,960.0,520.0,0.0,0.1170305406864083,3.197022841866348,6386.046053600047,1.1503572870277834,0.12412934157613535,-0.0070988008897270435,0.9871457584706952,9.943573275151453,-6.7465504332851065,0.0,1.0,-0.7000902096976326,2.6474962850783816,-0.3854838057763281,-0.3088265498201648
180,180,960.0,200.0,0.0,0.08388048864489264,0.19516711579820328,5789.566282480845,1.481121433044905,0.12253326318673563,-0.038652774541842974,1.2184900985003264,5.628285001163407,-5.433117885365204,0.0,1.0,-0.7000902096976326,2.6474962850783816,-1.8187722572695328,-0.18920883913924547
181,181,960.0,40.0,0.0,0.09643487535668188,0.3969945149276383,6421.620797941171,2.1825554295792364,0.12279686659310653,-0.026361991236424645,1.5269028809862026,3.931769789063861,-3.5347752741362237,0.0,1.0,-0.7000902096976326,2.6474962850783816,-1.1615592028433412,0.10862139596984322
182,182,15.0,1014.0,0.0,0.13413154696767207,0.16256120008767475,6168.753749198974,2.28809431037372,0.135014540585404,-0.0008829936177319198,3.2230836424540037,0.4275434242337199,-0.2649822241460451,0.0,1.0,-0.7000902096976326,2.6474962850783816,-0.03828492290058905,0.7326023641662075
183,183,230.0,209.0,0.0,0.15595265244441706,0.5626950645890485,6839.143188778658,1.26968711104442,0.13204854450238612,0.02390410794203093,0.9600577475262176,8.789662906455357,-8.226967841866307,0.0,1.0,-0.7000902096976326,2.6474962850783816,1.166755133056596,-0.4218373116362959
184,184,610.0,49.0,0.0,0.09899682501941813,0.3602959117959683,7540.356345704655,1.2895323406015566,0.12036349431419495,-0.02136666929477682,1.0864798392657782,9.651277152720075,-9.290981240924108,0.0,1.0,-0.7000902096976326,2.6474962850783816,-0.9163339335887092,-0.5772095649656417
185,185,30.0,789.0,0.0,0.1141402487682563,0.5969339169900965,5696.206914340451,1.2306706099332223,0.1423538705460118,-0.028213621777755507,1.0261976631507683,20.460803532397023,-19.86386961540693,0.0,1.0,-0.7000902096976326,2.6474962850783816,-1.2623405128135405,-1.3051587868245167
186,186,10.0,39.0,0.0,0.1289141194615904,0.04974377660139785,6602.075197259516,6.710813714772327,0.13501711215835088,-0.006102992696760484,5.410642823199448,0.4356823997072292,-0.3859386231058313,0.0,1.0,-0.7000902096976326,2.6474962850783816,-0.3274446585003514,0.6118303821485422
187,187,420.0,499.0,0.0,0.11303041361019693,1.5663279388817684,5599.367916314322,0.4754145648763909,0.14715684691543232,-0.03412643330523539,0.5263964122656178,28.38304752977439,-26.81671959089262,0.0,1.0,-0.7000902096976326,2.6474962850783816,-1.5758158218969522,-2.2261743951578095
188,188,50.0,279.0,0.0,0.11489441125863945,0.6506176602280531,7911.757046077548,1.1207355254719205,0.12872296566399616,-0.013828554405356713,1.2655670656236842,9.238266429692148,-8.587648769464097,0.0,1.0,-0.7000902096976326,2.6474962850783816,-0.6143427570860078,-0.4691311314005071
189,189,30.0,279.0,0.0,0.0606929054762965,0.0769187106008128,6766.209723030281,1.678863097488381,0.12853665375460446,-0.06784374827830797,1.2655670656236842,8.854609292818546,-8.777690582217735,0.0,1.0,-0.7000902096976326,2.6474962850783816,-10.299305992502337,-0.5083484748566602
190,190,690.0,9.0,0.0,0.10036748626993232,0.035402229967748784,6243.006705689749,1.4541002418361246,0.11595683970179,-0.015589353431857675,1.1401818594677984,5.441567344810599,-5.40616511484285,0.0,1.0,-0.7000902096976326,2.6474962850783816,-0.6968994779583098,-0.17535767230958688
191,191,810.0,39.0,0.0,0.12645147128201836,0.2616539385745659,5955.794731805289,1.6452540879899702,0.1124226471673504,0.014028824114667965,1.2396858834243776,4.842687019173692,-4.581033080599126,0.0,1.0,-0.7000902096976326,2.6474962850783816,0.741729300707225,-0.02934348289543931
192,192,690.0,59.0,0.0,0.1335808402636593,0.2985205994970006,5381.800393223432,1.1543060031529973,0.11818275524505505,0.015398085018604247,1.1401818594677984,8.656382306257715,-8.357861706760714,0.0,1.0,-0.7000902096976326,2.6474962850783816,0.8232104198893954,-0.45367563222860396
193,193,820.0,509.0,0.0,0.08240947274984198,6.621472244431393,6716.960612088968,0.5765885904465877,0.13183386813992204,-0.04942439539008006,0.6999287609088697,14.361353048547747,-7.739880804116355,0.0,1.0,-0.7000902096976326,2.6474962850783816,-2.362942491844691,-0.40479497648986285
194,194,980.0,369.0,0.0,0.1183975238851717,10.608151022703096,7005.170569446023,2.1625166207496163,0.12133930430053412,-0.002941780415362416,1.0353853375190976,5.345829108264618,5.262321914438479,0.0,1.0,-0.7000902096976326,2.6474962850783816,-0.15189599001760667,0.9949841949891884
195,195,450.0,499.0,0.0,0.10484973420912644,11.605383191006649,4800.583523295901,0.4544643616243584,0.15109915623851986,-0.04624942202939342,0.5263964122656178,27.457753139160925,-15.852369948154273,0.0,1.0,-0.7000902096976326,2.6474962850783816,-2.165451837814233,-1.0285305023441071
196,196,930.0,79.0,0.0,0.16093715216411694,2.6488703982297763,6266.606356096454,1.8827611908961093,0.12030016277067425,0.040636989393442687,1.5269028809862026,3.3658358317269856,-0.7169654334972093,0.0,1.0,-0.7000902096976326,2.6474962850783816,1.785024669874355,0.46771906802139984
197,197,820.0,99.0,0.0,0.14096384847837196,0.7659661024574553,7102.833434720759,1.3454598493068428,0.11848563003469215,0.02247821844367978,1.2396858834243776,7.586712380801097,-6.820746278343642,0.0,1.0,-0.7000902096976326,2.6474962850783816,1.124655308400884,-0.3352448752297781
198,198,160.0,769.0,0.0,0.10336450247359318,5.368072508148979,5574.433665959774,0.7793655787262306,0.13679833815387535,-0.033433835680282166,0.8102564715739833,26.376595637777662,-21.00852312962868,0.0,1.0,-0.7000902096976326,2.6474962850783816,-1.5219015721068265,-1.4098284227381899
199,199,710.0,739.0,0.0,0.11432818012284275,6.8135914307050225,4553.660732705827,0.5829786370082336,0.1391679294660609,-0.02483974934321816,0.8211175269209431,10.65875078560883,-3.845159354903809,0.0,1.0,-0.7000902096976326,2.6474962850783816,-1.1070800588414644,0.06867767247527978
200,200,190.0,639.0,0.0,0.11334121293950035,5.326512602731178,4763.168783551742,0.6586749469179519,0.13313287974147758,-0.019791666801977238,0.7496289194570693,25.125074782627593,-19.798562179896415,0.0,1.0,-0.7000902096976326,2.6474962850783816,-0.850909380249388,-1.2814879845073506
201,201,170.0,769.0,0.0,0.10151172869078376,1.5913603754905354,5049.577651547457,0.7793655787262306,0.13645434713094462,-0.03494261844016086,0.8102564715739833,26.648855808632025,-25.05749543314149,0.0,1.0,-0.7000902096976326,2.6474962850783816,-1.6385288483494889,-1.9544099414721967
202,202,920.0,339.0,0.0,0.08700778778269683,4.728589460093064,6627.006895866001,0.8652263713165111,0.12187905995345676,-0.03487127217075992,1.0353853375190976,9.268819250543883,-4.54022979045082,0.0,1.0,-0.7000902096976326,2.6474962850783816,-1.6032014473466607,-0.016199992331687785
203,203,10.0,269.0,0.0,0.12758396173809694,0.2680763917823231,7253.7885258808765,1.678863097488381,0.1261046859694524,0.001479275768644539,1.2655670656236842,6.283675929636775,-6.0155995378544524,0.0,1.0,-0.7000902096976326,2.6474962850783816,0.11482637025417364,-0.22722751275872555
204,204,890.0,869.0,0.0,0.09188814518070462,0.06499096876314724,6388.270755865146,1.7517555491488392,0.1248822125157312,-0.032994067335026564,1.8437359843367835,3.4357359904851563,-3.3707450217220085,0.0,1.0,-0.7000902096976326,2.6474962850783816,-1.4579817748603379,0.18243669536395268
205,205,860.0,249.0,0.0,0.08740671355167247,0.2629586985383178,6348.22032009299,0.9398803674178752,0.12597493648856115,-0.03856822293688871,0.8158716410844864,12.753625427994487,-12.49066672945617,0.0,1.0,-0.7000902096976326,2.6474962850783816,-1.7500894917984675,-0.8319746651476645
206,206,260.0,719.0,0.0,0.08906254747824936,1.2510241955728776,4550.233196139943,0.6428429906553631,0.13346260117636485,-0.04440005369811546,0.7206883450533019,28.766270750694694,-27.515246555121823,0.0,1.0,-0.7000902096976326,2.6474962850783816,-1.9356493452609538,-2.321579881274843
207,207,780.0,619.0,0.0,0.09786943503424894,0.8889605552484852,4556.318553623192,0.5457188197827881,0.13536349112530371,-0.037494056091054766,0.6712841935876097,12.768499508217616,-11.879538952969133,0.0,1.0,-0.7000902096976326,2.6474962850783816,-1.7117163618300935,-0.7379007722704597
208,208,980.0,849.0,0.0,0.09339136750829702,0.01805446870059259,6684.167662715133,3.5392460794518685,0.12258684492943007,-0.029195477421133056,1.8437359843367835,1.784786977459888,-1.7667325087592956,0.0,1.0,-0.7000902096976326,2.6474962850783816,-1.3571147786397797,0.34686320595404374
209,209,590.0,939.0,0.0,0.12810549378460648,7.401001590886924,5547.880217832516,1.881747686092085,0.1373723654736922,-0.009266871689085715,1.045149632710381,19.683690811038023,-12.282689220151102,0.0,1.0,-0.7000902096976326,2.6474962850783816,-0.4722602488566745,-0.7778239514805138
210,210,680.0,69.0,0.0,0.0971040375157749,0.5637456521433403,7622.934286098789,1.0968985957455897,0.1191769754437606,-0.02207293792798569,1.0864798392657782,12.731813727612211,-12.168068075468868,0.0,1.0,-0.7000902096976326,2.6474962850783816,-0.9914489305077995,-0.7512961343879249
211,211,780.0,509.0,0.0,0.12480804423645213,4.979025627899924,4227.0701957167,0.5176965087096784,0.13393437668303715,-0.00912633244658502,0.6004247369522909,16.477236078868327,-11.4982104509684,0.0,1.0,-0.7000902096976326,2.6474962850783816,-0.4568228421011964,-0.6997808444634446
212,212,140.0,259.0,0.0,0.14377067945946215,5.710664841509902,5766.192150113729,0.8974844966653361,0.13066197218874465,0.0131087072707175,1.0496258740468989,6.463800911550658,-0.7531360700407559,0.0,1.0,-0.7000902096976326,2.6474962850783816,0.705225966187942,0.3928652529637131
213,213,890.0,349.0,0.0,0.13556649309471866,5.8490178756108815,6155.298167399851,0.8652263713165111,0.1244458543452278,0.011120638749490874,1.0353853375190976,10.431571800566342,-4.5825539249554605,0.0,1.0,-0.7000902096976326,2.6474962850783816,0.6354981792047397,-0.042492046264393846
214,214,350.0,59.0,0.0,0.1064796643789586,0.11787175666294908,6536.9937881938695,1.0958886873064548,0.13279131730918106,-0.02631165293022243,1.1627442724748045,13.241469123356445,-13.123597366693494,0.0,1.0,-0.7000902096976326,2.6474962850783816,-1.1251567893506644,-0.8675849680177267
215,215,990.0,329.0,0.0,0.1275985516645098,4.2095474572527065,6383.975384717321,2.1625166207496163,0.12163634582984985,0.005962205834659978,4.617770803553848,4.950157105271992,-0.7406096480192845,0.0,1.0,-0.7000902096976326,2.6474962850783816,0.2756113096250734,0.42847961593084416
216,216,750.0,779.0,0.0,0.13061794142763355,4.097217016771274,4581.055215567382,0.7384119004603646,0.1343514297243795,-0.003733488296745941,0.8211175269209431,7.902192450460273,-3.8049754336889983,0.0,1.0,-0.7000902096976326,2.6474962850783816,-0.22337003358439445,0.09498950859509225
