,index,X,Y,Facies,Porosity,Perm,AI,PorWts,Por_Trend,Por_Res,PermWts,Perm_Trend,Perm_Res,indicator_sand,indicator_shale,NSand,NShale,NPorSand,NPermSand
0,0,80.0,920.0,1.0,0.16433093119045186,69.10661505827593,5012.616593779005,1.3095149768045495,0.1449136361187633,0.019417295071688573,1.4490315097525857,24.505396039818713,44.60121901845722,1.0,0.0,2.6474962850783816,0.6854063174141921,0.8140670654899058,1.3658362937151503
1,1,80.0,680.0,1.0,0.13372321229799666,1.5580716046986365,5710.579849567813,0.9205150675816018,0.13296232325054969,0.0007608890474469776,0.9655701110338548,21.45162377707487,-19.89355217237624,1.0,0.0,2.6474962850783816,0.6854063174141921,-0.1811691022915225,-1.2708003705607636
2,2,80.0,600.0,1.0,0.09629481749717918,3.568959400083476,4912.38806594852,0.8957857228522572,0.1320652710050624,-0.03577045350788323,0.9284516899812231,19.93017885737169,-16.361219457288218,1.0,0.0,2.6474962850783816,0.6854063174141921,-2.2080376274152282,-1.0446032932332865
3,3,80.0,40.0,1.0,0.14573821912084953,0.10994260997555907,6492.944055472032,5.1034063073649225,0.13536322346359106,0.01037499565725847,5.410642823199448,0.5278280514752599,-0.4178854414997009,1.0,0.0,2.6474962850783816,0.6854063174141921,0.4075756878925083,0.4136621992709011
4,4,160.0,360.0,1.0,0.14861134758171718,45.08238090581933,6643.0249554055445,0.6647734400204564,0.13445593867134253,0.014155408910374643,0.8259889059617926,14.02149837598314,31.060882529836192,1.0,0.0,2.6474962850783816,0.6854063174141921,0.5810149092325496,1.1578855567941442
5,5,160.0,280.0,1.0,0.11336130885693795,0.5844469928171426,6285.906684366286,0.7840204443777545,0.13058089705257353,-0.017219588195635585,1.0496258740468989,9.470294399257929,-8.885847406440787,1.0,0.0,2.6474962850783816,0.6854063174141921,-1.1145113589039553,-0.4680219658694105
6,6,240.0,840.0,1.0,0.1382869563167207,58.9924160717848,5004.663291784495,0.8663349868598542,0.13903135044286372,-0.0007443941261430219,0.8406486284367283,32.34517621272311,26.64723985906169,1.0,0.0,2.6474962850783816,0.6854063174141921,-0.2986150275634154,1.0437797064058674
7,7,240.0,760.0,1.0,0.13824011290023286,7.311809216768053,5585.8040767659995,0.7179058837371238,0.13494355767793512,0.0032965552222977428,0.7206883450533019,32.535103793392786,-25.22329457662474,1.0,0.0,2.6474962850783816,0.6854063174141921,-0.06367669896624295,-2.0882894540819787
8,8,240.0,520.0,1.0,0.14368885293224462,20.56316624960343,4795.544794823364,0.5831317945970218,0.13655656455454987,0.007132288377694752,0.6229423718837565,21.22168952735408,-0.6585232777506462,1.0,0.0,2.6474962850783816,0.6854063174141921,0.09319054357537859,0.3363158168794915
9,9,240.0,440.0,1.0,0.12351869937573035,6.2087779985238285,4918.436445810365,0.5812235824705987,0.13714130855071596,-0.013622609174985615,0.6282298962502282,21.441354191096767,-15.232576192572939,1.0,0.0,2.6474962850783816,0.6854063174141921,-0.9427364709546827,-0.8759687035037789
10,10,240.0,360.0,1.0,0.13665996776550482,9.013449036204763,3575.606870228928,0.6165512177982341,0.13786958781235115,-0.0012096200468463547,0.7364207794411113,17.286717931761853,-8.27326889555709,1.0,0.0,2.6474962850783816,0.6854063174141921,-0.32223520298364194,-0.4380478667780159
11,11,240.0,280.0,1.0,0.14396420157273326,0.9704142510390548,7241.511744551874,0.7357982221555324,0.1372889427638853,0.00667525880884795,0.9600577475262176,13.257243765818075,-12.286829514779024,1.0,0.0,2.6474962850783816,0.6854063174141921,0.07035419125277609,-0.6867276896000278
12,12,320.0,840.0,1.0,0.1834367054915611,43.33708928538479,5111.164954589194,0.8124022383218427,0.1381984098517822,0.045238295639778915,0.7754545780033162,34.06235425475108,9.274735030633712,1.0,0.0,2.6474962850783816,0.6854063174141921,2.1993110115016545,0.8098488088005293
13,13,320.0,440.0,1.0,0.14857813385902668,28.86642971759141,6344.672254012418,0.5240510150593359,0.14104657967277368,0.00753155418625301,0.5630358458168161,23.560502255362145,5.3059274622292625,1.0,0.0,2.6474962850783816,0.6854063174141921,0.10299854682414855,0.7485676018382068
14,14,320.0,280.0,1.0,0.12041812226034836,9.937707565560565,5897.982697816596,0.6394853290737714,0.14077899222258228,-0.020360869962233918,0.7389300301349133,14.992596204013426,-5.054888638452859,1.0,0.0,2.6474962850783816,0.6854063174141921,-1.305827079917806,-0.13468502460727327
15,15,400.0,840.0,1.0,0.09586122454769302,44.62223273742639,4809.157945442057,0.8106275469638179,0.14502078321042566,-0.04915955866273264,0.7388151444521177,33.00865731010001,11.613575427326381,1.0,0.0,2.6474962850783816,0.6854063174141921,-3.097623024961808,0.8952995720765642
16,16,400.0,760.0,1.0,0.1508526905672318,7.059403043391364,4528.40916631144,0.6134922878389948,0.1468361278928647,0.00401656267436709,0.6188548610686916,32.01878966703353,-24.95938662364217,1.0,0.0,2.6474962850783816,0.6854063174141921,-0.008365335236496518,-1.841213901767879
17,17,400.0,440.0,1.0,0.13065698464772393,0.4164636099017688,5003.228196466102,0.4735063527499678,0.14506220392535654,-0.014405219277632638,0.5263964122656178,28.222180702235896,-27.805717092334127,1.0,0.0,2.6474962850783816,0.6854063174141921,-0.9711559466525567,-2.306336213537437
18,18,400.0,120.0,1.0,0.115003895739114,5.542747321917172,4421.940520399603,0.7668096982859458,0.13864445244114176,-0.02364055670202773,0.7500045669120049,17.83704961404295,-12.294302292125778,1.0,0.0,2.6474962850783816,0.6854063174141921,-1.628486163062587,-0.7050194214836888
19,19,480.0,920.0,1.0,0.15565695238371266,25.49890072638311,5094.526722875657,1.0186896893907975,0.14015062805490178,0.015506324328810885,1.0416887076705086,30.366214004686423,-4.8673132783033095,1.0,0.0,2.6474962850783816,0.6854063174141921,0.6504567046357903,-0.08597011545225297
20,20,480.0,840.0,1.0,0.1381781147021866,6.174130902743933,4860.4470458523765,0.7896773437117853,0.1460364531809093,-0.007858338478722695,0.7388151444521177,29.518456556720906,-23.34432565397697,1.0,0.0,2.6474962850783816,0.6854063174141921,-0.6795581407093132,-1.5102183950833146
21,21,480.0,600.0,1.0,0.14761342159411464,8.159916277005054,3731.7105546276894,0.4817852917230663,0.14818996562891135,-0.0005765440347967332,0.5211088878991461,22.617047588308893,-14.457131311303835,1.0,0.0,2.6474962850783816,0.6854063174141921,-0.2862108343926686,-0.8261095496681199
22,22,480.0,440.0,1.0,0.17619143924788205,13.302453886792224,4521.393131768848,0.4707027351789083,0.1480382035842424,0.02815323566363964,0.5263964122656178,29.31185588955668,-16.00940200276446,1.0,0.0,2.6474962850783816,0.6854063174141921,1.1474200341887677,-0.9764502172689069
23,23,480.0,120.0,1.0,0.13352291695355387,0.7673962099968542,3651.63888209364,0.7640060807148863,0.13579478231076514,-0.0022718653572113,0.7500045669120049,16.769018477893393,-16.00162226789654,1.0,0.0,2.6474962850783816,0.6854063174141921,-0.3857800436831942,-0.9593302893567296
24,24,560.0,680.0,1.0,0.18133833447120976,54.530187289062326,3787.58899989926,0.5061814959757984,0.14524712029679965,0.036091214174410115,0.5616882339916501,20.294380380987967,34.23580690807435,1.0,0.0,2.6474962850783816,0.6854063174141921,1.594034232715397,1.2573309229855418
25,25,560.0,440.0,1.0,0.1252873858196874,6.103517859743456,4191.443767114579,0.4731837275758671,0.14795524659139755,-0.022667860771710152,0.5323059983222627,29.739360810936862,-23.63584295119341,1.0,0.0,2.6474962850783816,0.6854063174141921,-1.4809608395928504,-1.5444799585318005
26,26,560.0,120.0,1.0,0.17217888490677533,45.40589341534693,4117.317002032412,0.7664870731118449,0.12970087912837458,0.042478005778400746,0.7559141529686498,16.105475914445535,29.300417500901393,1.0,0.0,2.6474962850783816,0.6854063174141921,1.708338104948966,1.1031816477230123
27,27,560.0,40.0,1.0,0.12884778481213582,4.699279520595809,6072.1640822811805,1.3660755504781001,0.12053744425512712,0.008310340557008716,1.064326935454526,9.623553921042573,-4.9242744004467625,1.0,0.0,2.6474962850783816,0.6854063174141921,0.1399678998424405,-0.10373282812633633
28,28,640.0,840.0,1.0,0.15649669283236475,18.483290986370346,6166.8685787650475,0.8006397521777805,0.1422990114819977,0.01419768135036706,0.7981700088859297,18.833716126386832,-0.35042514001648684,1.0,0.0,2.6474962850783816,0.6854063174141921,0.5963783413833517,0.47115940479410456
29,29,640.0,600.0,1.0,0.16724124628616435,33.42880846127484,4323.356240326621,0.4946806180590519,0.1432036690918449,0.024037577194319454,0.5467227167502707,19.868993431290765,13.55981502998407,1.0,0.0,2.6474962850783816,0.6854063174141921,1.0028922407459653,0.911532662389291
30,30,640.0,360.0,1.0,0.16205727071743356,30.986808772942553,4508.515056656408,0.5131908246979713,0.1377402880467012,0.024316982670732373,0.5949622957986733,25.83323342692367,5.153575346018883,1.0,0.0,2.6474962850783816,0.6854063174141921,1.0589883867898273,0.7357618779506196
31,31,720.0,920.0,1.0,0.15038522642346674,21.929989220382808,5929.799726923724,1.0640965423012372,0.12815177515582604,0.022233451267640703,1.2439513735227603,10.63984539763125,11.290143822751558,1.0,0.0,2.6474962850783816,0.6854063174141921,0.9639297739982073,0.870714448100562
32,32,720.0,680.0,1.0,0.13744101125249386,0.15054550823647125,4803.723621350459,0.5351391308353941,0.13832170950642494,-0.0008806982539311116,0.6712841935876097,14.054264407833564,-13.903718899597097,1.0,0.0,2.6474962850783816,0.6854063174141921,-0.31155905927900696,-0.7786013476696664
33,33,720.0,600.0,1.0,0.11498272147753505,3.3350933444239663,5589.604921736638,0.5134337044788051,0.13977479579913096,-0.024792074321595917,0.6004247369522909,14.209703630368347,-10.874610285944383,1.0,0.0,2.6474962850783816,0.6854063174141921,-1.706177042243438,-0.5791318192326862
34,34,720.0,280.0,1.0,0.1263437211632746,107.72668438436243,5007.23095093701,0.600176951460298,0.13524322512419534,-0.008899503960920763,0.7163676171279075,19.64660192553341,88.08008245882904,1.0,0.0,2.6474962850783816,0.6854063174141921,-0.7331996925887128,1.6990446497684215
35,35,800.0,920.0,1.0,0.11413806779215192,0.9917639688154266,6581.4135438636695,1.382103364913322,0.12371928309832947,-0.009581215306177546,1.859392549993349,6.369762272059113,-5.377998303243686,1.0,0.0,2.6474962850783816,0.6854063174141921,-0.7751071212923678,-0.1724051894733709
36,36,800.0,840.0,1.0,0.15455585813453682,3.31648238771612,5434.550317455186,1.1530910192343102,0.128826092711605,0.025729765422931816,1.556518986774958,6.6884679535679235,-3.3719855658518045,1.0,0.0,2.6474962850783816,0.6854063174141921,1.0850844973007046,0.13176384377473194
37,37,800.0,760.0,1.0,0.12029637280116595,1.4433555775406364,4409.599929136559,0.7973039821972737,0.12936833123627406,-0.009071958435108107,0.9206215508775218,6.64717723910826,-5.203821661567623,1.0,0.0,2.6474962850783816,0.6854063174141921,-0.7494158719525656,-0.148759888089391
38,38,800.0,440.0,1.0,0.13881545262844674,70.49538424450175,5352.280145147903,0.5985597046498448,0.13061681156986615,0.008198641058580591,0.707664946292114,16.844121648254603,53.65126259624715,1.0,0.0,2.6474962850783816,0.6854063174141921,0.12249772875199882,1.4397208979678473
39,39,880.0,520.0,1.0,0.11051162744811176,9.476079081407637,5681.068681949445,0.8565031203611173,0.12774669523726362,-0.017235067789151858,0.6999287609088697,11.286847309159784,-1.810768227752149,1.0,0.0,2.6474962850783816,0.6854063174141921,-1.1418407386265317,0.2846154293662395
40,40,960.0,280.0,1.0,0.14015213698953305,0.2561009164401899,6626.495182724131,1.2527263713165104,0.12282431200735527,0.017327824982177758,1.1030886386463117,7.149407716917142,-6.893306800476951,1.0,0.0,2.6474962850783816,0.6854063174141921,0.717759972871904,-0.3923942202028996
41,41,25.0,1014.0,1.0,0.13179036615100762,0.09072475372435876,6359.240232395075,2.28809431037372,0.1350422123388763,-0.0032518461878686955,3.2230836424540037,0.42846205185727737,-0.33773729813291864,1.0,0.0,2.6474962850783816,0.6854063174141921,-0.5065495810324394,0.5092351877493728
42,42,5.0,1004.0,1.0,0.1344991305530729,0.4119566132171809,6071.90076200949,2.28809431037372,0.13498796043225822,-0.0004888298791853318,3.2230836424540037,0.4258045583877264,-0.013847945170545441,1.0,0.0,2.6474962850783816,0.6854063174141921,-0.2608601863034494,0.5718808922728542
43,43,15.0,1004.0,1.0,0.14422244786115476,0.4906036731339518,5411.395612695897,2.28809431037372,0.13501342532287305,0.009209022538281708,3.2230836424540037,0.426607039025405,0.06399663410854678,1.0,0.0,2.6474962850783816,0.6854063174141921,0.24337816360447295,0.6368570537206433
44,44,45.0,974.0,1.0,0.1911739064970069,109.44832985271134,3021.294339759151,1.7277096949891046,0.1486339522323204,0.042539954264686514,1.4490315097525857,20.953368497581423,88.49496135512993,1.0,0.0,2.6474962850783816,0.6854063174141921,1.997938942223135,1.9158107135790643
45,45,300.0,879.0,1.0,0.1343498257782331,156.82789691519326,4807.065252311426,0.8124022383218427,0.136470880094075,-0.0021210543158419197,0.7754545780033162,33.16019566000191,123.66770125519136,1.0,0.0,2.6474962850783816,0.6854063174141921,-0.3465455022127355,2.2998202354181263
46,46,690.0,649.0,1.0,0.1453342028645109,0.3233505212988789,5476.317203118299,0.5351391308353941,0.14047603755918586,0.004858165305325041,0.6712841935876097,18.95796114930002,-18.63461062800114,1.0,0.0,2.6474962850783816,0.6854063174141921,0.014735157162764967,-1.189659157438721
47,47,580.0,49.0,1.0,0.14517865661439147,8.538825198901986,3870.8904420314034,1.3660755504781001,0.12101223310130722,0.024166423513084248,1.064326935454526,9.667467579567688,-1.1286423806657009,1.0,0.0,2.6474962850783816,0.6854063174141921,1.0303961829757984,0.3000755412665179
48,48,710.0,529.0,1.0,0.15004545391161414,18.99593870466348,4677.217247169394,0.4854113934056954,0.14029256639985116,0.00975288751176298,0.6004247369522909,18.90538220400134,0.09055650066213516,1.0,0.0,2.6474962850783816,0.6854063174141921,0.3234036268393179,0.6766891735188583
49,49,240.0,359.0,1.0,0.11633814662753005,2.539209039663889,4426.106119250641,0.6165512177982341,0.1377249214168648,-0.021386774789334748,0.7364207794411113,17.19964056296699,-14.6604315233031,1.0,0.0,2.6474962850783816,0.6854063174141921,-1.3850495806206204,-0.8410545039819542
50,50,480.0,449.0,1.0,0.17619143924788205,13.302453886792224,4521.393131768848,0.455633290734464,0.1480382035842424,0.02815323566363964,0.5263964122656178,29.31185588955668,-16.00940200276446,1.0,0.0,2.6474962850783816,0.6854063174141921,1.1474200341887677,-0.9764502172689069
51,51,980.0,539.0,1.0,0.11126240176254804,4.764002796134278,6541.253087493461,2.643993650664146,0.12311970219669698,-0.01185730043414894,0.9871457584706952,7.369334444472551,-2.6053316483382734,1.0,0.0,2.6474962850783816,0.6854063174141921,-0.8477288692627736,0.24891788971398143
52,52,690.0,849.0,1.0,0.13171307585206174,4.702202320471288,6611.956276738289,0.8350841966222251,0.1371788310670626,-0.005465755215000867,0.9410778103043694,15.621413502520866,-10.919211182049578,1.0,0.0,2.6474962850783816,0.6854063174141921,-0.6133972162749552,-0.5945066935093539
53,53,490.0,169.0,1.0,0.1666334114434629,25.06660666951005,5151.93002915762,0.6798131442810535,0.13272238330155306,0.033911028141909834,0.7500045669120049,20.759873968434203,4.306732701075848,1.0,0.0,2.6474962850783816,0.6854063174141921,1.5578415957881808,0.7030405851401891
54,54,430.0,769.0,1.0,0.11860384917806925,10.23877039738918,4278.861049010554,0.6134922878389948,0.1464250137494684,-0.027821164571399142,0.6188548610686916,32.182539554722226,-21.943769157333044,1.0,0.0,2.6474962850783816,0.6854063174141921,-1.8148078002074661,-1.4230083578030768
55,55,40.0,419.0,1.0,0.11698182385323035,4.903752577245725,5092.056371031869,1.5242884578034477,0.1320806718177409,-0.015098847964510569,0.9337392143476948,15.127799079515318,-10.224046502269594,1.0,0.0,2.6474962850783816,0.6854063174141921,-0.999778137794062,-0.5297423174199907
56,56,360.0,789.0,1.0,0.143986999202685,0.9557435008696428,5731.579229741496,0.6320108063575132,0.14125138541869514,0.0027356137839898713,0.6554942946198898,34.12525120520442,-33.169507704334784,1.0,0.0,2.6474962850783816,0.6854063174141921,-0.08679597607493417,-2.6219304279735827
57,57,380.0,759.0,1.0,0.12529494387378046,1.9398765792030883,5610.3357125710645,0.6320108063575132,0.14631151183486132,-0.021016567961080868,0.6554942946198898,32.68066708054807,-30.740790501344986,1.0,0.0,2.6474962850783816,0.6854063174141921,-1.3568784048166564,-2.479029790493399
58,58,640.0,529.0,1.0,0.13882626603735754,0.9740412843628024,3736.570576326928,0.4666583069859422,0.14392793032698534,-0.005101664289627828,0.5467227167502707,25.022442563351657,-24.04840127898885,1.0,0.0,2.6474962850783816,0.6854063174141921,-0.5996037530112843,-1.6120474698231888
59,59,300.0,949.0,1.0,0.15312363690089054,27.31241619190183,4154.126620371041,1.1610122202549946,0.1392219629741163,0.013901673926774244,1.078328141221707,33.34620883016409,-6.033792638262259,1.0,0.0,2.6474962850783816,0.6854063174141921,0.5474123705142497,-0.2291055510480915
60,60,380.0,79.0,1.0,0.10607728226491443,0.7835482782703199,6656.21336658539,1.0958886873064548,0.13495550852747734,-0.028878226262562937,1.1627442724748045,16.19584137183268,-15.41229309356236,1.0,0.0,2.6474962850783816,0.6854063174141921,-1.8992664506956412,-0.9141625900851729
61,61,420.0,239.0,1.0,0.14205704073761025,9.075307979909386,4452.573093635691,0.6135431768625615,0.13862423720192613,0.00343280353568412,0.6346031070579903,21.57611691892578,-12.500808939016395,1.0,0.0,2.6474962850783816,0.6854063174141921,-0.051918998352327383,-0.7364230522671493
62,62,210.0,529.0,1.0,0.16039302670518749,81.43448868809708,4445.045319979239,0.5831317945970218,0.1367261319953478,0.02366689470983968,0.6229423718837565,20.497258374757745,60.93723031333933,1.0,0.0,2.6474962850783816,0.6854063174141921,0.9873025835014938,1.500237813768355
63,63,820.0,479.0,1.0,0.14451102589449694,111.05929643779163,4798.106142782197,0.5834902602054003,0.13276756469860998,0.011743461195886956,0.707664946292114,15.070391529421508,95.98890490837013,1.0,0.0,2.6474962850783816,0.6854063174141921,0.5046157611678812,2.044128351058625
64,64,390.0,409.0,1.0,0.15988664960115986,55.453362383022395,4348.622987349427,0.4920248712684863,0.1421935030639522,0.01769314653720766,0.5630358458168161,24.249694337518196,31.203668045504198,1.0,0.0,2.6474962850783816,0.6854063174141921,0.7770420033942208,1.1809935929838524
65,65,30.0,519.0,1.0,0.1669205634672974,10.581800301313246,4933.732409345879,1.5261966699298708,0.1382318138792583,0.028688749588039106,0.9284516899812231,15.558701986431634,-4.9769016851183885,1.0,0.0,2.6474962850783816,0.6854063174141921,1.1821110924473675,-0.12057056955721324
66,66,530.0,599.0,1.0,0.15850558153316846,7.8172394518512665,4754.2847882654,0.4785335434713179,0.14844134742884355,0.010064234104324887,0.5245698129390185,20.77960225539871,-12.962362803547444,1.0,0.0,2.6474962850783816,0.6854063174141921,0.33237108016155537,-0.7492481542769562
67,67,50.0,849.0,1.0,0.1531078699122608,0.8569402361894488,5912.054776753065,1.1659964582860314,0.14432644144885312,0.008781428463407681,1.1461579465341951,21.87424252925563,-21.01730229306618,1.0,0.0,2.6474962850783816,0.6854063174141921,0.19596826133216583,-1.3833484211888458
68,68,830.0,749.0,1.0,0.1467604282489363,2.2548731903805432,5441.995490442506,0.9306373155306071,0.12960391182276665,0.017156516426169638,0.9206215508775218,5.661007694437777,-3.4061345040572353,1.0,0.0,2.6474962850783816,0.6854063174141921,0.6930736224186537,0.11081108096591796
69,69,430.0,309.0,1.0,0.1882882380833717,58.974078937751806,5128.3714502073135,0.5300939000495893,0.14268398197125726,0.04560425611211447,0.5668998059307762,21.34032117694666,37.633757760805146,1.0,0.0,2.6474962850783816,0.6854063174141921,2.357216074741885,1.299874051963298
70,70,900.0,699.0,1.0,0.14007938566593275,0.6132996231656133,5363.52730911994,0.9540703639636556,0.12379332624659695,0.01628605941933578,1.2078385484393468,7.221299114938716,-6.607999491773103,1.0,0.0,2.6474962850783816,0.6854063174141921,0.6720990847422167,-0.29570520526287725
71,71,770.0,699.0,1.0,0.1186304119857425,0.3610808451803256,6798.566310499544,0.6152637523122167,0.13377735305500754,-0.015146941069265063,0.8211175269209431,10.83093437145006,-10.469853526269736,1.0,0.0,2.6474962850783816,0.6854063174141921,-1.0313685799100578,-0.5467735481239566
72,72,580.0,629.0,1.0,0.17779619231277816,23.120181352195978,3715.0386047775487,0.482543151749219,0.14476976338649938,0.033026428926278766,0.5616882339916501,21.67516506846114,1.4450162837348373,1.0,0.0,2.6474962850783816,0.6854063174141921,1.5242472333631354,0.6890085911847944
73,73,590.0,479.0,1.0,0.13936457781741898,4.259572748950127,5767.867353237349,0.4647643137767252,0.14772679853306653,-0.008362220715647545,0.5323059983222627,28.607484151578003,-24.34791140262788,1.0,0.0,2.6474962850783816,0.6854063174141921,-0.7209706502594531,-1.6461985442251215
74,74,610.0,319.0,1.0,0.15255067777135967,176.38416143863205,4695.198152873304,0.5364213055207913,0.14283390491744244,0.009716772853917229,0.5949622957986733,27.495289993625256,148.8888714450068,1.0,0.0,2.6474962850783816,0.6854063174141921,0.3139259468896569,2.5040636895617974
75,75,410.0,39.0,1.0,0.11432144936133172,0.8237651779209185,6525.845343757539,1.82565743491146,0.1336303633119847,-0.01930891395065297,1.058417349397881,12.599439161656456,-11.775673983735535,1.0,0.0,2.6474962850783816,0.6854063174141921,-1.2174398793702172,-0.6518966310856814
76,76,780.0,169.0,1.0,0.1245303911650474,6.31978169073161,6180.284076043408,0.8608571284926758,0.12473207581857736,-0.00020168465352997375,0.8317690769819223,11.127548986834539,-4.807767296102925,1.0,0.0,2.6474962850783816,0.6854063174141921,-0.23224149409666928,-0.07019180001317182
77,77,190.0,289.0,1.0,0.1253544614787044,5.416688412075815,7135.750153615093,0.7840204443777545,0.131799775031486,-0.006445313552781579,1.0496258740468989,11.723914265645613,-6.307225853569796,1.0,0.0,2.6474962850783816,0.6854063174141921,-0.6413797774939329,-0.26345994716130816
78,78,290.0,299.0,1.0,0.1536166010873784,20.524845055539163,4776.4348120250515,0.7124019957404379,0.13947647684895825,0.014140124238420175,0.9600577475262176,14.48196445553024,6.0428806000089255,1.0,0.0,2.6474962850783816,0.6854063174141921,0.5667005765786433,0.7897842678829515
79,79,630.0,539.0,1.0,0.152884185220909,2.195385024477257,5939.291431075147,0.4578626440179127,0.14437631225681213,0.008507872964096858,0.5467227167502707,24.983587373010284,-22.78820234853302,1.0,0.0,2.6474962850783816,0.6854063174141921,0.16483016002430828,-1.4772826313838117
80,80,680.0,179.0,1.0,0.11722885856591747,2.450792630351232,5549.963119522749,0.6952588378943856,0.1302018904160653,-0.012973031850147835,0.7780670567799021,18.124094296752094,-15.673301666400864,1.0,0.0,2.6474962850783816,0.6854063174141921,-0.9253292832108188,-0.9391974673727165
81,81,330.0,149.0,1.0,0.1134866344401106,1.966594540072645,6407.62371637363,0.8399942307584037,0.13570610352745988,-0.022219469087349272,0.8543314899889279,13.644653050405356,-11.678058510332713,1.0,0.0,2.6474962850783816,0.6854063174141921,-1.4471530318680796,-0.6321606493406478
82,82,740.0,339.0,1.0,0.1537338344735106,9.1177277618515,4473.169612525984,0.5962551702125571,0.1331446017314751,0.0205892327420355,0.6486643160006935,21.354557072603114,-12.236829310751615,1.0,0.0,2.6474962850783816,0.6854063174141921,0.8709553703136448,-0.6697273208896628
83,83,120.0,469.0,1.0,0.1057632010493364,9.306742863629438,4711.29934875428,0.7459869982169313,0.1333324868825101,-0.027569285833173696,0.7177980227709095,15.628584074842706,-6.321841211213268,1.0,0.0,2.6474962850783816,0.6854063174141921,-1.7558372685859662,-0.27885564077657454
84,84,140.0,929.0,1.0,0.14236399190504515,7.8172394518512665,4873.8238026604795,1.185868253157826,0.14536058769659124,-0.002996595791546097,1.2330903181758004,25.889542040822395,-18.07230258897113,1.0,0.0,2.6474962850783816,0.6854063174141921,-0.4720274725895972,-1.1367818113716976
85,85,410.0,979.0,1.0,0.16540394985510248,4.267525642796668,5137.698693222199,1.2447313560574642,0.14389044467755674,0.02151350517754572,1.0416887076705086,28.73162348542336,-24.464097842626693,1.0,0.0,2.6474962850783816,0.6854063174141921,0.9108292417448179,-1.77007484112218
86,86,150.0,429.0,1.0,0.15315771399855227,7.481971985735698,6130.419302314941,0.6294458046928211,0.1343571453969049,0.01880056860164736,0.7177980227709095,15.767990608086851,-8.28601862235115,1.0,0.0,2.6474962850783816,0.6854063174141921,0.7904835516728332,-0.4515275712012974
87,87,650.0,739.0,1.0,0.13283134517815953,9.714713620656203,3501.859990958098,0.5485341925637892,0.14522177696831254,-0.012390431790153006,0.6782097255025032,16.54766699630851,-6.832953375652307,1.0,0.0,2.6474962850783816,0.6854063174141921,-0.9086334435832414,-0.34366576193065246
88,88,770.0,159.0,1.0,0.153328945612261,15.704735063673766,5513.931966146923,0.8608571284926758,0.12388627945210387,0.02944266616015712,0.8317690769819223,11.218926500927196,4.48580856274657,1.0,0.0,2.6474962850783816,0.6854063174141921,1.3319801612592834,0.7201482784215485
89,89,600.0,119.0,1.0,0.14087596323669574,33.815554259939525,5496.906878389109,0.7731371037571475,0.12918344306105953,0.011692520175636212,0.7780670567799021,15.94961124272165,17.865943017217873,1.0,0.0,2.6474962850783816,0.6854063174141921,0.47695569173952035,0.9457114753601148
90,90,930.0,689.0,1.0,0.12955719058556994,1.5751176317107702,5755.317797832129,1.2000850244574823,0.12288860627524645,0.0066685843103234796,1.0580052151060138,8.393809774642532,-6.818692142931763,1.0,0.0,2.6474962850783816,0.6854063174141921,0.05325467408188422,-0.32824151216011366
91,91,620.0,969.0,1.0,0.11266364132964266,10.222867249656057,6036.231891928472,1.881747686092085,0.13550302965011693,-0.022839388320474274,1.1010435721043206,15.60656598103482,-5.383698731378763,1.0,0.0,2.6474962850783816,0.6854063174141921,-1.5462171796947235,-0.1976918289380396
92,92,610.0,519.0,1.0,0.12178034444633384,0.9701126086013704,4970.506017519748,0.4578626440179127,0.14609612624534732,-0.024315781799013475,0.5467227167502707,26.478513043274226,-25.50840043467285,1.0,0.0,2.6474962850783816,0.6854063174141921,-1.6705664596001362,-2.193366496977924
93,93,690.0,409.0,1.0,0.15152458404102007,35.00284543643484,5578.6588640359005,0.5073825076089524,0.13672098376512914,0.01480360027589092,0.6081609223355352,25.485159705337054,9.517685731097783,1.0,0.0,2.6474962850783816,0.6854063174141921,0.6102114976868738,0.8260815347689159
94,94,880.0,119.0,1.0,0.12232663581975305,0.5937873946166049,4511.676766653522,1.3389379705126057,0.11866475136110592,0.003661884458647125,0.9312731009385012,4.924863944400318,-4.331076549783714,1.0,0.0,2.6474962850783816,0.6854063174141921,-0.034689631262789566,-0.039882088372450886
95,95,190.0,539.0,1.0,0.14352902814311722,2.555840829106465,4757.405511215081,0.6313540168192441,0.13662853158304095,0.0069004965600762405,0.7125104984044377,20.515450260112004,-17.95960943100554,1.0,0.0,2.6474962850783816,0.6854063174141921,0.08244226001075505,-1.087222784895188
96,96,760.0,709.0,1.0,0.13267615864557195,0.051426329492133584,6663.091359998729,0.6152637523122167,0.13490932964670432,-0.002233171001132378,0.8211175269209431,9.126239009149561,-9.074812679657423,1.0,0.0,2.6474962850783816,0.6854063174141921,-0.37271370740953236,-0.48562052956274604
97,97,850.0,719.0,1.0,0.15787317609011245,0.2399897359719849,4309.957796906489,0.8074891673824591,0.1286067976279375,0.02926637846217495,0.9206215508775218,6.501316065295326,-6.26132632932334,1.0,0.0,2.6474962850783816,0.6854063174141921,1.2970846416625013,-0.24637062606303162
98,98,800.0,389.0,1.0,0.1311323495826949,14.41338671481929,4544.174385277434,0.6231211081586167,0.12966618990686313,0.001466159675831774,0.7481683399572722,17.60078009477855,-3.1873933799592638,1.0,0.0,2.6474962850783816,0.6854063174141921,-0.13367139457242327,0.15130981673074295
99,99,490.0,779.0,1.0,0.146872052806496,3.677081018332148,4377.428843362598,0.5892903363352139,0.1484598702737714,-0.0015878174672753766,0.6188548610686916,27.525182056614018,-23.848101038281868,1.0,0.0,2.6474962850783816,0.6854063174141921,-0.33345284840427114,-1.5771537701031535
100,100,170.0,869.0,1.0,0.13747101358185876,1.7387945269090976,5112.226062984583,0.927794681848961,0.14164451208618214,-0.004173498504323414,0.9302167549574096,26.191129439886588,-24.45233491297749,1.0,0.0,2.6474962850783816,0.6854063174141921,-0.5390535169948678,-1.6957933015966185
101,101,410.0,949.0,1.0,0.1391561238752586,63.95882746893164,4568.348701684369,1.2447313560574642,0.14192526857420945,-0.002769144698950843,1.0416887076705086,32.12853303679142,31.830294432140217,1.0,0.0,2.6474962850783816,0.6854063174141921,-0.44820629357689246,1.20850061316633
102,102,110.0,539.0,1.0,0.15231776274552414,9.82405079625863,4662.733794629663,0.7448180691068257,0.1349267269837432,0.017391035761780943,0.7125104984044377,16.495621806664726,-6.6715710104060975,1.0,0.0,2.6474962850783816,0.6854063174141921,0.7407346913226893,-0.3125925302000301
103,103,930.0,749.0,1.0,0.10894718680071536,0.3796139113858014,6305.519786824126,1.3710726787784695,0.12425172178937476,-0.015304534988659413,1.2078385484393468,3.5299141249852557,-3.150300213599454,1.0,0.0,2.6474962850783816,0.6854063174141921,-1.061647217943732,0.1679438208253523
104,104,440.0,399.0,1.0,0.1534024741151135,76.95473674219043,4382.071645073195,0.4952641386876803,0.14150817061696794,0.01189430349814555,0.5668998059307762,24.649517332415428,52.305219409775006,1.0,0.0,2.6474962850783816,0.6854063174141921,0.5154470745139608,1.4101850400449254
105,105,210.0,329.0,1.0,0.14409896130229355,0.7605086695697822,5383.424006234519,0.6604509999333101,0.1344682613317312,0.009630699970562344,0.7364207794411113,14.744873954659958,-13.984365285090174,1.0,0.0,2.6474962850783816,0.6854063174141921,0.30286042279775915,-0.7947069853596016
106,106,40.0,569.0,1.0,0.1456576779787865,48.54458463426609,4675.212401049966,1.1913201267199942,0.1355274678510535,0.010130210127733021,0.9284516899812231,18.755472339741267,29.789112294524823,1.0,0.0,2.6474962850783816,0.6854063174141921,0.34796946920920746,1.1295539099102065
107,107,400.0,149.0,1.0,0.17125016177257002,6.926789127993077,4640.669157035117,0.7668096982859458,0.1388602255595359,0.032389936213034126,0.7500045669120049,19.376683222080626,-12.449894094087545,1.0,0.0,2.6474962850783816,0.6854063174141921,1.4899588054738957,-0.7212606519977132
108,108,50.0,899.0,1.0,0.1650212151894952,4.006524236333455,4713.131766829099,1.3095149768045495,0.14508419721320864,0.019937017976286556,1.4490315097525857,22.75012313317655,-18.743598896843096,1.0,0.0,2.6474962850783816,0.6854063174141921,0.8466612780415207,-1.2265925163737013
109,109,440.0,859.0,1.0,0.14911680676609682,27.33790131288579,4917.787155788573,0.7896773437117853,0.142495996540836,0.006620810225260815,0.7388151444521177,33.1067153107305,-5.768813997844711,1.0,0.0,2.6474962850783816,0.6854063174141921,0.035695413909359264,-0.2134699280099135
110,110,300.0,589.0,1.0,0.12965030629786228,22.76357179248394,5426.560362489153,0.5361070012224219,0.1379375121715681,-0.008287205873705822,0.5577483214503444,23.39151401670497,-0.6279422242210337,1.0,0.0,2.6474962850783816,0.6854063174141921,-0.7095748400891067,0.35965456787620886
111,111,490.0,869.0,1.0,0.16459203679319978,103.7173163222834,5739.790355685216,0.7864255954600371,0.14281847281510554,0.021773563978094213,0.7388151444521177,29.920285598212843,73.79703072407055,1.0,0.0,2.6474962850783816,0.6854063174141921,0.9382850510758862,1.5788040072425187
112,112,540.0,139.0,1.0,0.16269439250655332,2.598302326751577,5570.473109480353,0.7664870731118449,0.13079595075166245,0.03189844175489087,0.7559141529686498,17.711086345930106,-15.112784019178527,1.0,0.0,2.6474962850783816,0.6854063174141921,1.4501364587786032,-0.8590375063356993
113,113,280.0,409.0,1.0,0.11781628867055402,4.474027602242674,5499.764566758994,0.5578273560555045,0.13868466566191956,-0.02086837699136554,0.6282298962502282,19.729781330932592,-15.255753728689914,1.0,0.0,2.6474962850783816,0.6854063174141921,-1.3309990581800195,-0.8915584202939235
114,114,620.0,449.0,1.0,0.13261116269119366,67.45098996347585,3490.2744444154664,0.4647643137767252,0.14224703067097652,-0.009635867979782858,0.554458902133515,30.51305025978489,36.937939703690965,1.0,0.0,2.6474962850783816,0.6854063174141921,-0.7972854546562697,1.2782637572007876
115,115,660.0,979.0,1.0,0.13702652677545005,10.024591330096193,5119.740477298446,1.888610431190124,0.1356291541260462,0.0013973726494038439,1.1010435721043206,13.521138827680007,-3.4965474975838102,1.0,0.0,2.6474962850783816,0.6854063174141921,-0.15604875675209806,0.0937473325604039
116,116,670.0,519.0,1.0,0.15916386252222808,2.4830031011018563,5341.440608319505,0.4666583069859422,0.1440630050213693,0.015100857500858794,0.5467227167502707,24.487125490349456,-22.004122389247602,1.0,0.0,2.6474962850783816,0.6854063174141921,0.6343608051543097,-1.450478267771527
117,117,690.0,489.0,1.0,0.12680042127359273,4.69343936998667,4695.769796383142,0.492313063164508,0.14088584632897913,-0.014085425055386402,0.6081609223355352,24.5885321580548,-19.89509278806813,1.0,0.0,2.6474962850783816,0.6854063174141921,-0.9576003505879125,-1.3010048259393145
118,118,90.0,559.0,1.0,0.13521569436590533,28.43002621443157,6698.48560874571,0.9782168719500729,0.135105493810411,0.00011020055549432195,0.9284516899812231,18.879790140764285,9.550236073667287,1.0,0.0,2.6474962850783816,0.6854063174141921,-0.21561645277084684,0.8443682914549977
119,119,530.0,579.0,1.0,0.17879614325025342,12.403750796334094,4636.958847176693,0.461360387409273,0.14846330477651815,0.030332838473735274,0.5245698129390185,20.534119355592367,-8.130368559258272,1.0,0.0,2.6474962850783816,0.6854063174141921,1.360834288415087,-0.4264234449840565
120,120,430.0,139.0,1.0,0.16969244702825584,42.58913411450365,3930.823358499865,0.7668096982859458,0.13791968426480294,0.03177276276345286,0.7500045669120049,18.562281772187355,24.0268523423163,1.0,0.0,2.6474962850783816,0.6854063174141921,1.4124895275102682,0.9827700253398061
121,121,680.0,889.0,1.0,0.11521568345108354,11.118013500977552,5958.110053591574,1.029652097856793,0.13516391996139776,-0.019948236510314216,0.7981700088859297,15.321450407755814,-4.20343690677826,1.0,0.0,2.6474962850783816,0.6854063174141921,-1.2720586221853598,-0.02535330090852228
122,122,240.0,419.0,1.0,0.12112030738279972,48.4842546019112,5000.872767433564,0.5812235824705987,0.13713589234144405,-0.01601558495864433,0.6282298962502282,19.392720278614203,29.091534323297,1.0,0.0,2.6474962850783816,0.6854063174141921,-1.0923866867290064,1.082070808013284
123,123,710.0,179.0,1.0,0.1169023349539326,4.832621372593543,4659.123795091361,0.7526662453017929,0.12903083987375902,-0.012128504919826422,0.8317690769819223,13.945799279695473,-9.113177907101928,1.0,0.0,2.6474962850783816,0.6854063174141921,-0.8914338702345201,-0.5012956311429679
124,124,480.0,809.0,1.0,0.10918296190385862,4.010262710226451,4875.903938333728,0.67787178815623,0.14791792671282433,-0.03873496480896571,0.7388151444521177,29.11394344660397,-25.10368073637752,1.0,0.0,2.6474962850783816,0.6854063174141921,-2.4050026922052097,-1.9903775395665115
125,125,510.0,99.0,1.0,0.1216243826091503,21.578316369093557,3856.327200290506,1.0662813117949728,0.1240180901846088,-0.002393707575458495,1.064326935454526,15.834706648905295,5.743609720188262,1.0,0.0,2.6474962850783816,0.6854063174141921,-0.40322174383312137,0.7667743348297421
126,126,820.0,409.0,1.0,0.09701823339447267,3.1291731519220485,4749.878211547454,0.5985597046498448,0.1293553019191409,-0.032337068524668236,0.707664946292114,16.293800591936947,-13.1646274400149,1.0,0.0,2.6474962850783816,0.6854063174141921,-1.9989802600365074,-0.7630181723030784
127,127,510.0,819.0,1.0,0.1379668930766066,2.401764869893781,4922.390398911213,0.6746200399044816,0.1460992718724828,-0.008132378795876222,0.7422760694919902,27.372500857863496,-24.970735987969714,1.0,0.0,2.6474962850783816,0.6854063174141921,-0.6959115374524174,-1.9073783212458935
128,128,710.0,439.0,1.0,0.17782272560263046,66.99123179326179,5386.283973646566,0.5073825076089524,0.13627124185150574,0.04155148375112472,0.6081609223355352,22.702706597697848,44.288525195563935,1.0,0.0,2.6474962850783816,0.6854063174141921,1.6618932365998869,1.3231903868218258
129,129,710.0,519.0,1.0,0.13034103234838812,9.4027147686572,4310.05283491255,0.4854113934056954,0.1404795198759807,-0.01013848752759258,0.6004247369522909,19.41237850604503,-10.00966373738783,1.0,0.0,2.6474962850783816,0.6854063174141921,-0.808849688454832,-0.5149779835660406
130,130,670.0,209.0,1.0,0.1609799557560001,47.3521238948595,5227.518449164914,0.628666245301793,0.13324013221474812,0.027739823541251984,0.6626655969258874,21.986813792372885,25.365310102486614,1.0,0.0,2.6474962850783816,0.6854063174141921,1.113832320883748,1.0222587436392705
131,131,390.0,419.0,1.0,0.14352860302302164,8.182779566273537,3017.6111673842515,0.4920248712684863,0.14189963877986164,0.0016289642431600027,0.5630358458168161,24.265856472725925,-16.08307690645239,1.0,0.0,2.6474962850783816,0.6854063174141921,-0.12375848509434717,-1.005845224160837
132,132,270.0,299.0,1.0,0.14906762254206096,11.47622060357664,7168.801644414378,0.7124019957404379,0.13732899949442162,0.01173862304763934,0.9600577475262176,14.195670063550534,-2.7194494599738945,1.0,0.0,2.6474962850783816,0.6854063174141921,0.49168194247048125,0.232088636409447
133,133,340.0,509.0,1.0,0.15122745905118826,4.029007470192171,5238.326254713979,0.5259592271857589,0.14569748413697384,0.005529974914214419,0.5577483214503444,24.418202943914363,-20.38919547372219,1.0,0.0,2.6474962850783816,0.6854063174141921,0.0240915593367399,-1.32417165117407
134,134,450.0,199.0,1.0,0.13707742350221094,84.71405667628761,5109.980190300767,0.6773321518840947,0.13922494434934335,-0.002147520847132406,0.7500045669120049,19.605872231329887,65.10818444495773,1.0,0.0,2.6474962850783816,0.6854063174141921,-0.36052600204882723,1.5367479351804825
135,135,760.0,369.0,1.0,0.10928292649595596,1.2813329245904046,6304.593960034002,0.5642290264217075,0.13082819530621978,-0.021545268810263817,0.6486643160006935,19.590372292225528,-18.309039367635126,1.0,0.0,2.6474962850783816,0.6854063174141921,-1.4127421591242069,-1.1674638556417967
136,136,210.0,299.0,1.0,0.13729136845924478,2.344224471090393,5117.444147530179,0.7357982221555324,0.1324623898781024,0.004828978581142368,0.9600577475262176,13.33774640137763,-10.993521930287237,1.0,0.0,2.6474962850783816,0.6854063174141921,0.003530094278191065,-0.6136645508759784
137,137,480.0,649.0,1.0,0.20438817014234475,84.63508397246791,3915.9921799659746,0.5054236359496458,0.14792684550479648,0.05646132463754828,0.5582273089517776,25.54872469993575,59.08635927253216,1.0,0.0,2.6474962850783816,0.6854063174141921,2.915146742127385,1.4703543635038208
138,138,810.0,749.0,1.0,0.11058381304257073,1.972104746098926,6249.9542618330115,0.7973039821972737,0.12977932730704309,-0.01919551426447236,0.9206215508775218,6.559746613765721,-4.587641867666795,1.0,0.0,2.6474962850783816,0.6854063174141921,-1.1702829072177274,-0.05544899466129216
139,139,140.0,479.0,1.0,0.1469923663337977,15.694973297896755,4620.426168878849,0.7459869982169313,0.1339208108350921,0.013071555498705591,0.7177980227709095,16.342776321380107,-0.6478030234833518,1.0,0.0,2.6474962850783816,0.6854063174141921,0.5279853142090365,0.3482522903292855
140,140,0.0,899.0,1.0,0.14746018455507695,15.390564056623216,4439.094727907945,1.5226182315744707,0.14572012450835484,0.0017400600467221141,1.4490315097525857,19.21606401058461,-3.8254999539613936,1.0,0.0,2.6474962850783816,0.6854063174141921,-0.10587975643318259,0.07226181879258475
141,141,140.0,269.0,1.0,0.13890098795761144,0.7344839544088021,5957.3955251762645,0.8974844966653361,0.12995061789973034,0.008950370057881102,1.0496258740468989,7.89800581553924,-7.163521861130437,1.0,0.0,2.6474962850783816,0.6854063174141921,0.21454738119985972,-0.41199197283537536
142,142,540.0,679.0,1.0,0.17686104399906327,49.550938393127396,4729.849161169534,0.5061814959757984,0.14620538640627473,0.030655657592788543,0.5616882339916501,22.70344349572816,26.84749489739924,1.0,0.0,2.6474962850783816,0.6854063174141921,1.3826889804949325,1.0643003323809177
143,143,160.0,449.0,1.0,0.13703256469639236,8.89652311033134,4296.601863141732,0.6325229459293495,0.13410134144846927,0.0029312232479230807,0.7177980227709095,15.789488439477909,-6.892965329146568,1.0,0.0,2.6474962850783816,0.6854063174141921,-0.07561101313740748,-0.37593449410596613
144,144,910.0,739.0,1.0,0.1168897646425392,1.1269383008848917,4804.859386232401,0.9540703639636556,0.12445698931296535,-0.0075672246704261426,1.2078385484393468,3.665915841768857,-2.5389775408839657,1.0,0.0,2.6474962850783816,0.6854063174141921,-0.6603176267137231,0.26797382287892324
145,145,930.0,739.0,1.0,0.1527336295589804,2.803068603866919,5078.889441934624,1.247924530630322,0.1238283938602107,0.028905235698769693,1.2078385484393468,3.560741204129628,-0.7576726002627092,1.0,0.0,2.6474962850783816,0.6854063174141921,1.2328061233505858,0.32009324175383225
146,146,40.0,979.0,1.0,0.1911739064970069,109.44832985271134,3021.294339759151,1.7277096949891046,0.1486339522323204,0.042539954264686514,1.4490315097525857,20.953368497581423,88.49496135512993,1.0,0.0,2.6474962850783816,0.6854063174141921,1.997938942223135,1.9158107135790643
147,147,920.0,299.0,1.0,0.13205154038203626,1.8110708319244768,5861.907265443545,0.9255041490942888,0.12353054242684895,0.008520997955187294,1.1030886386463117,8.646559112642835,-6.835488280718359,1.0,0.0,2.6474962850783816,0.6854063174141921,0.1772056119964871,-0.35957599765264847
148,148,240.0,629.0,1.0,0.1628376680047598,39.86027398213674,5639.936717304406,0.6104527246957296,0.13389592940831424,0.028941738596445558,0.6600607929363881,26.059822904864287,13.800451077272447,1.0,0.0,2.6474962850783816,0.6854063174141921,1.2686216273445927,0.9269929458216815
149,149,190.0,589.0,1.0,0.14917167360286265,120.44651663289608,3760.6478191730494,0.6415017908559069,0.13421916510445994,0.014952508498402685,0.7125104984044377,22.427369037229532,98.01914759566657,1.0,0.0,2.6474962850783816,0.6854063174141921,0.6224586599097817,2.1516274442268593
150,150,220.0,989.0,1.0,0.15767480184892185,105.47321058931652,5421.610782873841,1.775329584177621,0.14820688134243978,0.009467920506482071,1.1435221916551193,31.447883387835585,74.02532720148095,1.0,0.0,2.6474962850783816,0.6854063174141921,0.2804532061696938,1.6363292198163837
151,151,840.0,809.0,1.0,0.1267124751748641,1.3669273520917282,5979.5213495338185,1.1746187970120878,0.1292899493104009,-0.0025774741355368003,1.556518986774958,4.439310126391233,-3.0723827742995065,1.0,0.0,2.6474962850783816,0.6854063174141921,-0.4247453329461375,0.2104346654479603
152,152,90.0,419.0,1.0,0.1333377156398447,4.644090222832679,7305.189367533614,0.9661608857869872,0.1328685330063168,0.0004691826335279092,0.9337392143476948,15.385394742998805,-10.741304520166128,1.0,0.0,2.6474962850783816,0.6854063174141921,-0.19810395701131123,-0.5639648812192752
153,153,400.0,739.0,1.0,0.1140671574511294,14.355252091640873,4424.899895605104,0.5585219873498264,0.1471722878027685,-0.0331051303516391,0.6188548610686916,30.622703918543703,-16.267451826902832,1.0,0.0,2.6474962850783816,0.6854063174141921,-2.0805901911751663,-1.0224410385329752
154,154,710.0,299.0,1.0,0.15745391397368366,45.46239297466454,4632.78811561104,0.600176951460298,0.13629590696509122,0.021158007008592442,0.7163676171279075,20.119170591668,25.343222382996537,1.0,0.0,2.6474962850783816,0.6854063174141921,0.8864730531275008,1.0029251198027835
155,155,440.0,609.0,1.0,0.153278254232294,58.572100929168755,3162.896547056809,0.4817852917230663,0.14489395080352455,0.008384303428769418,0.5582273089517776,24.68885595056348,33.88324497860528,1.0,0.0,2.6474962850783816,0.6854063174141921,0.15643865918177036,1.2368669939772359
156,156,440.0,699.0,1.0,0.1539275988584406,193.74682353970672,3350.2602360369883,0.5375717840977939,0.1461165362474173,0.007811062611023295,0.6188548610686916,28.02247328365868,165.72435025604804,1.0,0.0,2.6474962850783816,0.6854063174141921,0.11241225817450662,2.866843056514318
157,157,990.0,259.0,1.0,0.11784616274647775,0.4807892159383181,6319.6017870609485,2.222794398527394,0.12280916769877315,-0.004963004952295415,4.685474104681061,4.477802769122925,-3.997013553184607,1.0,0.0,2.6474962850783816,0.6854063174141921,-0.5714593746034795,0.02069326535392757
158,158,650.0,659.0,1.0,0.18191684582325546,2.496160714217087,4295.937217180586,0.5163860444156411,0.14300895397490765,0.038907891848347816,0.6175821733855895,19.437128004891964,-16.940967290674873,1.0,0.0,2.6474962850783816,0.6854063174141921,1.6270075259472487,-1.0672719860301823
159,159,580.0,739.0,1.0,0.19510405834347327,41.932232157995074,3108.754017683039,0.5383296441239466,0.14565355705218525,0.04945050129128803,0.622315786108564,18.521886731797625,23.41034542619745,1.0,0.0,2.6474962850783816,0.6854063174141921,2.5459812303150384,0.9642627657756095
160,160,920.0,289.0,1.0,0.14120162762038152,5.413321501182296,6191.223803071473,0.9255041490942888,0.12352327118522505,0.01767835643515646,1.1030886386463117,8.500360777682618,-3.0870392765003194,1.0,0.0,2.6474962850783816,0.6854063174141921,0.7602501629077318,0.1876565252136717
161,161,680.0,669.0,1.0,0.14628827245806209,0.34452199007865764,5557.862623785533,0.5163860444156411,0.1423548335934088,0.003933438864653277,0.6175821733855895,18.307412972059023,-17.962890981980365,1.0,0.0,2.6474962850783816,0.6854063174141921,-0.018327229904618658,-1.1076159949390483
162,162,350.0,529.0,1.0,0.13753344748063667,3.3632057842761136,3704.5001936994427,0.4939330833949094,0.14337979618508165,-0.005846348704444976,0.5577483214503444,23.96744683728332,-20.6042410530072,1.0,0.0,2.6474962850783816,0.6854063174141921,-0.6276011534093671,-1.347022417930214
163,163,190.0,429.0,1.0,0.14662236551701674,3.408467474683356,5058.646827125721,0.6294458046928211,0.13529963720041538,0.011322728316601359,0.7177980227709095,17.761536169399776,-14.353068694716413,1.0,0.0,2.6474962850783816,0.6854063174141921,0.4631461434669828,-0.8115641980552071
